2026/06/06 09:10:26 WARN native_store_unavailable gate=bd_context_agreement reason="bd context is unreachable" scope=/home/jaword/projects/tincan
gc event emit: bead payload tincan-k9fe8: loading bead: getting bead "tincan-k9fe8": bead not found
2026/06/06 09:10:29 WARN native_store_unavailable gate=bd_context_agreement reason="bd context is unreachable" scope=/home/jaword/projects/tincan
2026/06/06 09:10:29 WARN native_store_unavailable gate=bd_context_agreement reason="bd context is unreachable" scope=/home/jaword/projects/tincan
2026/06/06 09:10:29 WARN native_store_unavailable gate=bd_context_agreement reason="bd context is unreachable" scope=/home/jaword/projects/tincan
2026/06/06 09:11:39 WARN native_store_unavailable gate=bd_context_agreement reason="bd context is unreachable" scope=/home/jaword/projects/tincan
2026/06/06 09:11:39 WARN native_store_unavailable gate=bd_context_agreement reason="bd context is unreachable" scope=/home/jaword/projects/tincan
2026/06/06 09:11:39 WARN native_store_unavailable gate=bd_context_agreement reason="bd context is unreachable" scope=/home/jaword/projects/tincan
2026/06/06 09:12:08 WARN native_store_unavailable gate=bd_context_agreement reason="bd context is unreachable" scope=/home/jaword/projects/tincan
2026/06/06 09:12:08 WARN native_store_unavailable gate=bd_context_agreement reason="bd context is unreachable" scope=/home/jaword/projects/tincan
2026/06/06 09:12:08 WARN native_store_unavailable gate=bd_context_agreement reason="bd context is unreachable" scope=/home/jaword/projects/tincan
2026/06/06 09:20:05 WARN native_store_unavailable gate=bd_context_agreement reason="bd context is unreachable" scope=/home/jaword/projects/tincan
2026/06/06 09:20:05 WARN native_store_unavailable gate=bd_context_agreement reason="bd context is unreachable" scope=/home/jaword/projects/tincan
2026/06/06 09:20:05 WARN native_store_unavailable gate=bd_context_agreement reason="bd context is unreachable" scope=/home/jaword/projects/tincan
2026/06/06 09:26:22 WARN native_store_unavailable gate=bd_context_agreement reason="bd context is unreachable" scope=/home/jaword/projects/tincan
2026/06/06 09:26:22 WARN native_store_unavailable gate=bd_context_agreement reason="bd context is unreachable" scope=/home/jaword/projects/tincan
2026/06/06 09:26:22 WARN native_store_unavailable gate=bd_context_agreement reason="bd context is unreachable" scope=/home/jaword/projects/tincan
2026/06/06 09:26:34 WARN native_store_unavailable gate=bd_context_agreement reason="bd context is unreachable" scope=/home/jaword/projects/tincan
2026/06/06 09:26:34 WARN native_store_unavailable gate=bd_context_agreement reason="bd context is unreachable" scope=/home/jaword/projects/tincan
2026/06/06 09:26:34 WARN native_store_unavailable gate=bd_context_agreement reason="bd context is unreachable" scope=/home/jaword/projects/tincan
gc event emit: bead payload tincan-k8hhi: loading bead: getting bead "tincan-k8hhi": bead not found
gc event emit: bead payload tincan-k8hhi: loading bead: getting bead "tincan-k8hhi": bead not found
gc event emit: bead payload tincan-k8hhi: loading bead: getting bead "tincan-k8hhi": bead not found
2026/06/06 09:26:35 WARN native_store_unavailable gate=bd_context_agreement reason="bd context is unreachable" scope=/home/jaword/projects/tincan
gc event emit: bead payload tincan-r9aum: loading bead: getting bead "tincan-r9aum": bead not found
2026/06/06 09:29:57 WARN native_store_unavailable gate=bd_context_agreement reason="bd context is unreachable" scope=/home/jaword/projects/tincan
2026/06/06 09:29:57 WARN native_store_unavailable gate=bd_context_agreement reason="bd context is unreachable" scope=/home/jaword/projects/tincan
2026/06/06 09:29:57 WARN native_store_unavailable gate=bd_context_agreement reason="bd context is unreachable" scope=/home/jaword/projects/tincan
2026/06/06 09:29:57 WARN native_store_unavailable gate=bd_context_agreement reason="bd context is unreachable" scope=/home/jaword/projects/tincan
2026/06/06 09:29:57 WARN native_store_unavailable gate=bd_context_agreement reason="bd context is unreachable" scope=/home/jaword/projects/tincan
2026/06/06 09:29:57 WARN native_store_unavailable gate=bd_context_agreement reason="bd context is unreachable" scope=/home/jaword/projects/tincan
2026/06/06 09:29:57 WARN native_store_unavailable gate=bd_context_agreement reason="bd context is unreachable" scope=/home/jaword/projects/tincan
2026/06/06 09:29:57 WARN native_store_unavailable gate=bd_context_agreement reason="bd context is unreachable" scope=/home/jaword/projects/tincan
2026/06/06 09:29:57 WARN native_store_unavailable gate=bd_context_agreement reason="bd context is unreachable" scope=/home/jaword/projects/tincan
2026/06/06 09:29:57 WARN native_store_unavailable gate=bd_context_agreement reason="bd context is unreachable" scope=/home/jaword/projects/tincan
2026/06/06 09:29:57 WARN native_store_unavailable gate=bd_context_agreement reason="bd context is unreachable" scope=/home/jaword/projects/tincan
2026/06/06 09:29:57 WARN native_store_unavailable gate=bd_context_agreement reason="bd context is unreachable" scope=/home/jaword/projects/tincan
2026/06/06 09:29:57 WARN native_store_unavailable gate=bd_context_agreement reason="bd context is unreachable" scope=/home/jaword/projects/tincan
2026/06/06 09:29:57 WARN native_store_unavailable gate=bd_context_agreement reason="bd context is unreachable" scope=/home/jaword/projects/tincan
2026/06/06 09:29:57 WARN native_store_unavailable gate=bd_context_agreement reason="bd context is unreachable" scope=/home/jaword/projects/tincan
2026/06/06 09:29:57 WARN native_store_unavailable gate=bd_context_agreement reason="bd context is unreachable" scope=/home/jaword/projects/tincan
2026/06/06 09:29:57 WARN native_store_unavailable gate=bd_context_agreement reason="bd context is unreachable" scope=/home/jaword/projects/tincan
2026/06/06 09:29:57 WARN native_store_unavailable gate=bd_context_agreement reason="bd context is unreachable" scope=/home/jaword/projects/tincan
2026/06/06 09:29:57 WARN native_store_unavailable gate=bd_context_agreement reason="bd context is unreachable" scope=/home/jaword/projects/tincan
2026/06/06 09:29:57 WARN native_store_unavailable gate=bd_context_agreement reason="bd context is unreachable" scope=/home/jaword/projects/tincan
2026/06/06 09:29:57 WARN native_store_unavailable gate=bd_context_agreement reason="bd context is unreachable" scope=/home/jaword/projects/tincan
2026/06/06 09:29:57 WARN native_store_unavailable gate=bd_context_agreement reason="bd context is unreachable" scope=/home/jaword/projects/tincan
2026/06/06 09:29:57 WARN native_store_unavailable gate=bd_context_agreement reason="bd context is unreachable" scope=/home/jaword/projects/tincan
2026/06/06 09:29:57 WARN native_store_unavailable gate=bd_context_agreement reason="bd context is unreachable" scope=/home/jaword/projects/tincan
2026/06/06 09:29:57 WARN native_store_unavailable gate=bd_context_agreement reason="bd context is unreachable" scope=/home/jaword/projects/tincan
2026/06/06 09:29:57 WARN native_store_unavailable gate=bd_context_agreement reason="bd context is unreachable" scope=/home/jaword/projects/tincan
2026/06/06 09:29:57 WARN native_store_unavailable gate=bd_context_agreement reason="bd context is unreachable" scope=/home/jaword/projects/tincan
2026/06/06 09:29:57 WARN native_store_unavailable gate=bd_context_agreement reason="bd context is unreachable" scope=/home/jaword/projects/tincan
2026/06/06 09:29:57 WARN native_store_unavailable gate=bd_context_agreement reason="bd context is unreachable" scope=/home/jaword/projects/tincan
2026/06/06 09:29:57 WARN native_store_unavailable gate=bd_context_agreement reason="bd context is unreachable" scope=/home/jaword/projects/tincan
2026/06/06 09:29:57 WARN native_store_unavailable gate=bd_context_agreement reason="bd context is unreachable" scope=/home/jaword/projects/tincan
2026/06/06 09:29:58 WARN native_store_unavailable gate=bd_context_agreement reason="bd context is unreachable" scope=/home/jaword/projects/tincan
2026/06/06 09:29:58 WARN native_store_unavailable gate=bd_context_agreement reason="bd context is unreachable" scope=/home/jaword/projects/tincan
2026/06/06 09:29:58 WARN native_store_unavailable gate=bd_context_agreement reason="bd context is unreachable" scope=/home/jaword/projects/tincan
2026/06/06 09:29:58 WARN native_store_unavailable gate=bd_context_agreement reason="bd context is unreachable" scope=/home/jaword/projects/tincan
2026/06/06 09:29:58 WARN native_store_unavailable gate=bd_context_agreement reason="bd context is unreachable" scope=/home/jaword/projects/tincan
2026/06/06 09:29:58 WARN native_store_unavailable gate=bd_context_agreement reason="bd context is unreachable" scope=/home/jaword/projects/tincan
2026/06/06 09:29:58 WARN native_store_unavailable gate=bd_context_agreement reason="bd context is unreachable" scope=/home/jaword/projects/tincan
2026/06/06 09:29:58 WARN native_store_unavailable gate=bd_context_agreement reason="bd context is unreachable" scope=/home/jaword/projects/tincan
2026/06/06 09:29:58 WARN native_store_unavailable gate=bd_context_agreement reason="bd context is unreachable" scope=/home/jaword/projects/tincan
2026/06/06 09:29:58 WARN native_store_unavailable gate=bd_context_agreement reason="bd context is unreachable" scope=/home/jaword/projects/tincan
2026/06/06 09:29:58 WARN native_store_unavailable gate=bd_context_agreement reason="bd context is unreachable" scope=/home/jaword/projects/tincan
2026/06/06 09:29:58 WARN native_store_unavailable gate=bd_context_agreement reason="bd context is unreachable" scope=/home/jaword/projects/tincan
2026/06/06 09:29:58 WARN native_store_unavailable gate=bd_context_agreement reason="bd context is unreachable" scope=/home/jaword/projects/tincan
2026/06/06 09:29:58 WARN native_store_unavailable gate=bd_context_agreement reason="bd context is unreachable" scope=/home/jaword/projects/tincan
2026/06/06 09:29:58 WARN native_store_unavailable gate=bd_context_agreement reason="bd context is unreachable" scope=/home/jaword/projects/tincan
2026/06/06 09:29:58 WARN native_store_unavailable gate=bd_context_agreement reason="bd context is unreachable" scope=/home/jaword/projects/tincan
2026/06/06 09:29:58 WARN native_store_unavailable gate=bd_context_agreement reason="bd context is unreachable" scope=/home/jaword/projects/tincan
2026/06/06 09:29:58 WARN native_store_unavailable gate=bd_context_agreement reason="bd context is unreachable" scope=/home/jaword/projects/tincan
2026/06/06 09:29:58 WARN native_store_unavailable gate=bd_context_agreement reason="bd context is unreachable" scope=/home/jaword/projects/tincan
2026/06/06 09:29:58 WARN native_store_unavailable gate=bd_context_agreement reason="bd context is unreachable" scope=/home/jaword/projects/tincan
2026/06/06 09:29:58 WARN native_store_unavailable gate=bd_context_agreement reason="bd context is unreachable" scope=/home/jaword/projects/tincan
2026/06/06 09:29:58 WARN native_store_unavailable gate=bd_context_agreement reason="bd context is unreachable" scope=/home/jaword/projects/tincan
2026/06/06 09:29:58 WARN native_store_unavailable gate=bd_context_agreement reason="bd context is unreachable" scope=/home/jaword/projects/tincan
2026/06/06 09:29:58 WARN native_store_unavailable gate=bd_context_agreement reason="bd context is unreachable" scope=/home/jaword/projects/tincan
2026/06/06 09:29:58 WARN native_store_unavailable gate=bd_context_agreement reason="bd context is unreachable" scope=/home/jaword/projects/tincan
2026/06/06 09:29:58 WARN native_store_unavailable gate=bd_context_agreement reason="bd context is unreachable" scope=/home/jaword/projects/tincan
2026/06/06 09:29:58 WARN native_store_unavailable gate=bd_context_agreement reason="bd context is unreachable" scope=/home/jaword/projects/tincan
2026/06/06 09:29:58 WARN native_store_unavailable gate=bd_context_agreement reason="bd context is unreachable" scope=/home/jaword/projects/tincan
2026/06/06 09:29:58 WARN native_store_unavailable gate=bd_context_agreement reason="bd context is unreachable" scope=/home/jaword/projects/tincan
2026/06/06 09:29:58 WARN native_store_unavailable gate=bd_context_agreement reason="bd context is unreachable" scope=/home/jaword/projects/tincan
2026/06/06 09:29:58 WARN native_store_unavailable gate=bd_context_agreement reason="bd context is unreachable" scope=/home/jaword/projects/tincan
2026/06/06 09:29:58 WARN native_store_unavailable gate=bd_context_agreement reason="bd context is unreachable" scope=/home/jaword/projects/tincan
2026/06/06 09:29:58 WARN native_store_unavailable gate=bd_context_agreement reason="bd context is unreachable" scope=/home/jaword/projects/tincan
2026/06/06 09:29:59 WARN native_store_unavailable gate=bd_context_agreement reason="bd context is unreachable" scope=/home/jaword/projects/tincan
2026/06/06 09:29:59 WARN native_store_unavailable gate=bd_context_agreement reason="bd context is unreachable" scope=/home/jaword/projects/tincan
2026/06/06 09:29:59 WARN native_store_unavailable gate=bd_context_agreement reason="bd context is unreachable" scope=/home/jaword/projects/tincan
2026/06/06 09:29:59 WARN native_store_unavailable gate=bd_context_agreement reason="bd context is unreachable" scope=/home/jaword/projects/tincan
2026/06/06 09:29:59 WARN native_store_unavailable gate=bd_context_agreement reason="bd context is unreachable" scope=/home/jaword/projects/tincan
2026/06/06 09:29:59 WARN native_store_unavailable gate=bd_context_agreement reason="bd context is unreachable" scope=/home/jaword/projects/tincan
2026/06/06 09:29:59 WARN native_store_unavailable gate=bd_context_agreement reason="bd context is unreachable" scope=/home/jaword/projects/tincan
2026/06/06 09:29:59 WARN native_store_unavailable gate=bd_context_agreement reason="bd context is unreachable" scope=/home/jaword/projects/tincan
2026/06/06 09:31:58 WARN native_store_unavailable gate=bd_context_agreement reason="bd context is unreachable" scope=/home/jaword/projects/tincan
2026/06/06 09:31:58 WARN native_store_unavailable gate=bd_context_agreement reason="bd context is unreachable" scope=/home/jaword/projects/tincan
2026/06/06 09:31:58 WARN native_store_unavailable gate=bd_context_agreement reason="bd context is unreachable" scope=/home/jaword/projects/tincan
2026/06/06 09:37:09 WARN native_store_unavailable gate=bd_context_agreement reason="bd context is unreachable" scope=/home/jaword/projects/tincan
2026/06/06 09:37:09 WARN native_store_unavailable gate=bd_context_agreement reason="bd context is unreachable" scope=/home/jaword/projects/tincan
2026/06/06 09:37:09 WARN native_store_unavailable gate=bd_context_agreement reason="bd context is unreachable" scope=/home/jaword/projects/tincan
2026/06/06 09:37:09 WARN native_store_unavailable gate=bd_context_agreement reason="bd context is unreachable" scope=/home/jaword/projects/tincan
2026/06/06 09:37:09 WARN native_store_unavailable gate=bd_context_agreement reason="bd context is unreachable" scope=/home/jaword/projects/tincan
2026/06/06 09:37:09 WARN native_store_unavailable gate=bd_context_agreement reason="bd context is unreachable" scope=/home/jaword/projects/tincan
2026/06/06 09:38:11 WARN native_store_unavailable gate=bd_context_agreement reason="bd context is unreachable" scope=/home/jaword/projects/tincan
gc event emit: bead payload tincan-ag8b4: loading bead: getting bead "tincan-ag8b4": bead not found
2026/06/06 09:49:08 WARN native_store_unavailable gate=bd_context_agreement reason="bd context is unreachable" scope=/home/jaword/projects/tincan
gc event emit: bead payload tincan-y8cmv: loading bead: getting bead "tincan-y8cmv": bead not found
2026/06/06 09:49:09 WARN native_store_unavailable gate=bd_context_agreement reason="bd context is unreachable" scope=/home/jaword/projects/tincan
gc event emit: bead payload tincan-877ks: loading bead: getting bead "tincan-877ks": bead not found
2026/06/06 09:49:10 WARN native_store_unavailable gate=bd_context_agreement reason="bd context is unreachable" scope=/home/jaword/projects/tincan
gc event emit: bead payload tincan-fbbv0: loading bead: getting bead "tincan-fbbv0": bead not found
2026/06/06 09:53:30 WARN native_store_unavailable gate=bd_context_agreement reason="bd context is unreachable" scope=/home/jaword/projects/tincan
2026/06/06 09:53:30 WARN native_store_unavailable gate=bd_context_agreement reason="bd context is unreachable" scope=/home/jaword/projects/tincan
2026/06/06 09:53:30 WARN native_store_unavailable gate=bd_context_agreement reason="bd context is unreachable" scope=/home/jaword/projects/tincan
2026/06/06 09:56:31 WARN native_store_unavailable gate=bd_context_agreement reason="bd context is unreachable" scope=/home/jaword/projects/tincan
2026/06/06 09:56:31 WARN native_store_unavailable gate=bd_context_agreement reason="bd context is unreachable" scope=/home/jaword/projects/tincan
2026/06/06 09:56:32 WARN native_store_unavailable gate=bd_context_agreement reason="bd context is unreachable" scope=/home/jaword/projects/tincan
2026/06/06 09:59:29 WARN native_store_unavailable gate=bd_context_agreement reason="bd context is unreachable" scope=/home/jaword/projects/tincan
2026/06/06 09:59:29 WARN native_store_unavailable gate=bd_context_agreement reason="bd context is unreachable" scope=/home/jaword/projects/tincan
2026/06/06 09:59:29 WARN native_store_unavailable gate=bd_context_agreement reason="bd context is unreachable" scope=/home/jaword/projects/tincan
2026/06/06 10:03:33 WARN native_store_unavailable gate=bd_context_agreement reason="bd context is unreachable" scope=/home/jaword/projects/tincan
2026/06/06 10:03:33 WARN native_store_unavailable gate=bd_context_agreement reason="bd context is unreachable" scope=/home/jaword/projects/tincan
2026/06/06 10:03:33 WARN native_store_unavailable gate=bd_context_agreement reason="bd context is unreachable" scope=/home/jaword/projects/tincan
2026/06/06 10:09:22 WARN native_store_unavailable gate=bd_context_agreement reason="bd context is unreachable" scope=/home/jaword/projects/tincan
2026/06/06 10:09:22 WARN native_store_unavailable gate=bd_context_agreement reason="bd context is unreachable" scope=/home/jaword/projects/tincan
2026/06/06 10:09:22 WARN native_store_unavailable gate=bd_context_agreement reason="bd context is unreachable" scope=/home/jaword/projects/tincan
2026/06/06 10:09:22 WARN native_store_unavailable gate=bd_context_agreement reason="bd context is unreachable" scope=/home/jaword/projects/tincan
2026/06/06 10:09:22 WARN native_store_unavailable gate=bd_context_agreement reason="bd context is unreachable" scope=/home/jaword/projects/tincan
2026/06/06 10:09:22 WARN native_store_unavailable gate=bd_context_agreement reason="bd context is unreachable" scope=/home/jaword/projects/tincan
2026/06/06 10:09:36 WARN native_store_unavailable gate=bd_context_agreement reason="bd context is unreachable" scope=/home/jaword/projects/tincan
gc event emit: bead payload tincan-4fe84: loading bead: getting bead "tincan-4fe84": bead not found
2026/06/06 10:09:52 WARN native_store_unavailable gate=bd_context_agreement reason="bd context is unreachable" scope=/home/jaword/projects/tincan
2026/06/06 10:09:52 WARN native_store_unavailable gate=bd_context_agreement reason="bd context is unreachable" scope=/home/jaword/projects/tincan
2026/06/06 10:09:52 WARN native_store_unavailable gate=bd_context_agreement reason="bd context is unreachable" scope=/home/jaword/projects/tincan
2026/06/06 10:09:52 WARN native_store_unavailable gate=bd_context_agreement reason="bd context is unreachable" scope=/home/jaword/projects/tincan
2026/06/06 10:09:52 WARN native_store_unavailable gate=bd_context_agreement reason="bd context is unreachable" scope=/home/jaword/projects/tincan
2026/06/06 10:09:52 WARN native_store_unavailable gate=bd_context_agreement reason="bd context is unreachable" scope=/home/jaword/projects/tincan
2026/06/06 10:09:52 WARN native_store_unavailable gate=bd_context_agreement reason="bd context is unreachable" scope=/home/jaword/projects/tincan
2026/06/06 10:09:52 WARN native_store_unavailable gate=bd_context_agreement reason="bd context is unreachable" scope=/home/jaword/projects/tincan
2026/06/06 10:09:52 WARN native_store_unavailable gate=bd_context_agreement reason="bd context is unreachable" scope=/home/jaword/projects/tincan
2026/06/06 10:12:40 WARN native_store_unavailable gate=bd_context_agreement reason="bd context is unreachable" scope=/home/jaword/projects/tincan
2026/06/06 10:12:40 WARN native_store_unavailable gate=bd_context_agreement reason="bd context is unreachable" scope=/home/jaword/projects/tincan
2026/06/06 10:12:40 WARN native_store_unavailable gate=bd_context_agreement reason="bd context is unreachable" scope=/home/jaword/projects/tincan
2026/06/06 10:15:38 WARN native_store_unavailable gate=bd_context_agreement reason="bd context is unreachable" scope=/home/jaword/projects/tincan
2026/06/06 10:15:38 WARN native_store_unavailable gate=bd_context_agreement reason="bd context is unreachable" scope=/home/jaword/projects/tincan
2026/06/06 10:15:38 WARN native_store_unavailable gate=bd_context_agreement reason="bd context is unreachable" scope=/home/jaword/projects/tincan
2026/06/06 10:27:29 WARN native_store_unavailable gate=bd_context_agreement reason="bd context is unreachable" scope=/home/jaword/projects/tincan
2026/06/06 10:27:30 WARN native_store_unavailable gate=bd_context_agreement reason="bd context is unreachable" scope=/home/jaword/projects/tincan
2026/06/06 10:27:30 WARN native_store_unavailable gate=bd_context_agreement reason="bd context is unreachable" scope=/home/jaword/projects/tincan
2026/06/06 10:27:35 WARN native_store_unavailable gate=bd_context_agreement reason="bd context is unreachable" scope=/home/jaword/projects/tincan
2026/06/06 10:27:35 WARN native_store_unavailable gate=bd_context_agreement reason="bd context is unreachable" scope=/home/jaword/projects/tincan
2026/06/06 10:27:35 WARN native_store_unavailable gate=bd_context_agreement reason="bd context is unreachable" scope=/home/jaword/projects/tincan
2026/06/06 10:29:22 WARN native_store_unavailable gate=bd_context_agreement reason="bd context is unreachable" scope=/home/jaword/projects/tincan
2026/06/06 10:29:22 WARN native_store_unavailable gate=bd_context_agreement reason="bd context is unreachable" scope=/home/jaword/projects/tincan
2026/06/06 10:29:22 WARN native_store_unavailable gate=bd_context_agreement reason="bd context is unreachable" scope=/home/jaword/projects/tincan
2026/06/06 10:29:22 WARN native_store_unavailable gate=bd_context_agreement reason="bd context is unreachable" scope=/home/jaword/projects/tincan
2026/06/06 10:29:22 WARN native_store_unavailable gate=bd_context_agreement reason="bd context is unreachable" scope=/home/jaword/projects/tincan
2026/06/06 10:29:22 WARN native_store_unavailable gate=bd_context_agreement reason="bd context is unreachable" scope=/home/jaword/projects/tincan
2026/06/06 10:30:57 WARN native_store_unavailable gate=bd_context_agreement reason="bd context is unreachable" scope=/home/jaword/projects/tincan
2026/06/06 10:30:57 WARN native_store_unavailable gate=bd_context_agreement reason="bd context is unreachable" scope=/home/jaword/projects/tincan
2026/06/06 10:30:57 WARN native_store_unavailable gate=bd_context_agreement reason="bd context is unreachable" scope=/home/jaword/projects/tincan
2026/06/06 10:35:14 WARN native_store_unavailable gate=bd_context_agreement reason="bd context is unreachable" scope=/home/jaword/projects/tincan
2026/06/06 10:35:14 WARN native_store_unavailable gate=bd_context_agreement reason="bd context is unreachable" scope=/home/jaword/projects/tincan
2026/06/06 10:35:14 WARN native_store_unavailable gate=bd_context_agreement reason="bd context is unreachable" scope=/home/jaword/projects/tincan
2026/06/06 10:35:14 WARN native_store_unavailable gate=bd_context_agreement reason="bd context is unreachable" scope=/home/jaword/projects/tincan
2026/06/06 10:35:14 WARN native_store_unavailable gate=bd_context_agreement reason="bd context is unreachable" scope=/home/jaword/projects/tincan
2026/06/06 10:35:14 WARN native_store_unavailable gate=bd_context_agreement reason="bd context is unreachable" scope=/home/jaword/projects/tincan
2026/06/06 10:37:13 WARN native_store_unavailable gate=bd_context_agreement reason="bd context is unreachable" scope=/home/jaword/projects/tincan
2026/06/06 10:37:13 WARN native_store_unavailable gate=bd_context_agreement reason="bd context is unreachable" scope=/home/jaword/projects/tincan
2026/06/06 10:37:13 WARN native_store_unavailable gate=bd_context_agreement reason="bd context is unreachable" scope=/home/jaword/projects/tincan
2026/06/06 10:38:46 WARN native_store_unavailable gate=bd_context_agreement reason="bd context is unreachable" scope=/home/jaword/projects/tincan
2026/06/06 10:38:46 WARN native_store_unavailable gate=bd_context_agreement reason="bd context is unreachable" scope=/home/jaword/projects/tincan
2026/06/06 10:38:46 WARN native_store_unavailable gate=bd_context_agreement reason="bd context is unreachable" scope=/home/jaword/projects/tincan
2026/06/06 10:40:00 WARN native_store_unavailable gate=bd_context_agreement reason="bd context is unreachable" scope=/home/jaword/projects/tincan
2026/06/06 10:40:00 WARN native_store_unavailable gate=bd_context_agreement reason="bd context is unreachable" scope=/home/jaword/projects/tincan
2026/06/06 10:40:00 WARN native_store_unavailable gate=bd_context_agreement reason="bd context is unreachable" scope=/home/jaword/projects/tincan
2026/06/06 10:40:01 WARN native_store_unavailable gate=bd_context_agreement reason="bd context is unreachable" scope=/home/jaword/projects/tincan
2026/06/06 10:40:01 WARN native_store_unavailable gate=bd_context_agreement reason="bd context is unreachable" scope=/home/jaword/projects/tincan
2026/06/06 10:40:01 WARN native_store_unavailable gate=bd_context_agreement reason="bd context is unreachable" scope=/home/jaword/projects/tincan
2026/06/06 10:44:19 WARN native_store_unavailable gate=bd_context_agreement reason="bd context is unreachable" scope=/home/jaword/projects/tincan
2026/06/06 10:44:19 WARN native_store_unavailable gate=bd_context_agreement reason="bd context is unreachable" scope=/home/jaword/projects/tincan
2026/06/06 10:44:19 WARN native_store_unavailable gate=bd_context_agreement reason="bd context is unreachable" scope=/home/jaword/projects/tincan
2026/06/06 10:49:23 WARN native_store_unavailable gate=bd_context_agreement reason="bd context is unreachable" scope=/home/jaword/projects/tincan
2026/06/06 10:49:23 WARN native_store_unavailable gate=bd_context_agreement reason="bd context is unreachable" scope=/home/jaword/projects/tincan
2026/06/06 10:49:23 WARN native_store_unavailable gate=bd_context_agreement reason="bd context is unreachable" scope=/home/jaword/projects/tincan
2026/06/06 10:49:27 WARN native_store_unavailable gate=bd_context_agreement reason="bd context is unreachable" scope=/home/jaword/projects/tincan
2026/06/06 10:49:27 WARN native_store_unavailable gate=bd_context_agreement reason="bd context is unreachable" scope=/home/jaword/projects/tincan
2026/06/06 10:49:27 WARN native_store_unavailable gate=bd_context_agreement reason="bd context is unreachable" scope=/home/jaword/projects/tincan
2026/06/06 10:49:40 WARN native_store_unavailable gate=bd_context_agreement reason="bd context is unreachable" scope=/home/jaword/projects/tincan
2026/06/06 10:49:40 WARN native_store_unavailable gate=bd_context_agreement reason="bd context is unreachable" scope=/home/jaword/projects/tincan
2026/06/06 10:49:40 WARN native_store_unavailable gate=bd_context_agreement reason="bd context is unreachable" scope=/home/jaword/projects/tincan
2026/06/06 10:49:54 WARN native_store_unavailable gate=bd_context_agreement reason="bd context is unreachable" scope=/home/jaword/projects/tincan
2026/06/06 10:49:54 WARN native_store_unavailable gate=bd_context_agreement reason="bd context is unreachable" scope=/home/jaword/projects/tincan
2026/06/06 10:49:54 WARN native_store_unavailable gate=bd_context_agreement reason="bd context is unreachable" scope=/home/jaword/projects/tincan
2026/06/06 10:49:54 WARN native_store_unavailable gate=bd_context_agreement reason="bd context is unreachable" scope=/home/jaword/projects/tincan
2026/06/06 10:49:54 WARN native_store_unavailable gate=bd_context_agreement reason="bd context is unreachable" scope=/home/jaword/projects/tincan
2026/06/06 10:49:54 WARN native_store_unavailable gate=bd_context_agreement reason="bd context is unreachable" scope=/home/jaword/projects/tincan
2026/06/06 10:51:59 WARN native_store_unavailable gate=bd_context_agreement reason="bd context is unreachable" scope=/home/jaword/projects/tincan
2026/06/06 10:51:59 WARN native_store_unavailable gate=bd_context_agreement reason="bd context is unreachable" scope=/home/jaword/projects/tincan
2026/06/06 10:51:59 WARN native_store_unavailable gate=bd_context_agreement reason="bd context is unreachable" scope=/home/jaword/projects/tincan
2026/06/06 10:52:19 WARN native_store_unavailable gate=bd_context_agreement reason="bd context is unreachable" scope=/home/jaword/projects/tincan
2026/06/06 10:52:20 WARN native_store_unavailable gate=bd_context_agreement reason="bd context is unreachable" scope=/home/jaword/projects/tincan
2026/06/06 10:52:20 WARN native_store_unavailable gate=bd_context_agreement reason="bd context is unreachable" scope=/home/jaword/projects/tincan
2026/06/06 10:52:20 WARN native_store_unavailable gate=bd_context_agreement reason="bd context is unreachable" scope=/home/jaword/projects/tincan
2026/06/06 10:52:20 WARN native_store_unavailable gate=bd_context_agreement reason="bd context is unreachable" scope=/home/jaword/projects/tincan
2026/06/06 10:52:20 WARN native_store_unavailable gate=bd_context_agreement reason="bd context is unreachable" scope=/home/jaword/projects/tincan
2026/06/06 10:54:04 WARN native_store_unavailable gate=bd_context_agreement reason="bd context is unreachable" scope=/home/jaword/projects/tincan
2026/06/06 10:54:04 WARN native_store_unavailable gate=bd_context_agreement reason="bd context is unreachable" scope=/home/jaword/projects/tincan
2026/06/06 10:54:04 WARN native_store_unavailable gate=bd_context_agreement reason="bd context is unreachable" scope=/home/jaword/projects/tincan
2026/06/06 10:54:31 WARN native_store_unavailable gate=bd_context_agreement reason="bd context is unreachable" scope=/home/jaword/projects/tincan
2026/06/06 10:54:31 WARN native_store_unavailable gate=bd_context_agreement reason="bd context is unreachable" scope=/home/jaword/projects/tincan
2026/06/06 10:54:31 WARN native_store_unavailable gate=bd_context_agreement reason="bd context is unreachable" scope=/home/jaword/projects/tincan
2026/06/06 10:54:41 WARN native_store_unavailable gate=bd_context_agreement reason="bd context is unreachable" scope=/home/jaword/projects/tincan
2026/06/06 10:54:41 WARN native_store_unavailable gate=bd_context_agreement reason="bd context is unreachable" scope=/home/jaword/projects/tincan
2026/06/06 10:54:41 WARN native_store_unavailable gate=bd_context_agreement reason="bd context is unreachable" scope=/home/jaword/projects/tincan
2026/06/06 10:54:41 WARN native_store_unavailable gate=bd_context_agreement reason="bd context is unreachable" scope=/home/jaword/projects/tincan
2026/06/06 10:54:41 WARN native_store_unavailable gate=bd_context_agreement reason="bd context is unreachable" scope=/home/jaword/projects/tincan
2026/06/06 10:54:41 WARN native_store_unavailable gate=bd_context_agreement reason="bd context is unreachable" scope=/home/jaword/projects/tincan
2026/06/06 10:55:38 WARN native_store_unavailable gate=bd_context_agreement reason="bd context is unreachable" scope=/home/jaword/projects/tincan
2026/06/06 10:55:38 WARN native_store_unavailable gate=bd_context_agreement reason="bd context is unreachable" scope=/home/jaword/projects/tincan
2026/06/06 10:55:38 WARN native_store_unavailable gate=bd_context_agreement reason="bd context is unreachable" scope=/home/jaword/projects/tincan
2026/06/06 10:56:36 WARN native_store_unavailable gate=bd_context_agreement reason="bd context is unreachable" scope=/home/jaword/projects/tincan
2026/06/06 10:56:36 WARN native_store_unavailable gate=bd_context_agreement reason="bd context is unreachable" scope=/home/jaword/projects/tincan
2026/06/06 10:56:36 WARN native_store_unavailable gate=bd_context_agreement reason="bd context is unreachable" scope=/home/jaword/projects/tincan
2026/06/06 10:57:25 WARN native_store_unavailable gate=bd_context_agreement reason="bd context is unreachable" scope=/home/jaword/projects/tincan
2026/06/06 10:57:25 WARN native_store_unavailable gate=bd_context_agreement reason="bd context is unreachable" scope=/home/jaword/projects/tincan
2026/06/06 10:57:25 WARN native_store_unavailable gate=bd_context_agreement reason="bd context is unreachable" scope=/home/jaword/projects/tincan
2026/06/06 10:57:35 WARN native_store_unavailable gate=bd_context_agreement reason="bd context is unreachable" scope=/home/jaword/projects/tincan
2026/06/06 10:57:35 WARN native_store_unavailable gate=bd_context_agreement reason="bd context is unreachable" scope=/home/jaword/projects/tincan
2026/06/06 10:57:35 WARN native_store_unavailable gate=bd_context_agreement reason="bd context is unreachable" scope=/home/jaword/projects/tincan
2026/06/06 10:57:35 WARN native_store_unavailable gate=bd_context_agreement reason="bd context is unreachable" scope=/home/jaword/projects/tincan
2026/06/06 10:57:35 WARN native_store_unavailable gate=bd_context_agreement reason="bd context is unreachable" scope=/home/jaword/projects/tincan
2026/06/06 10:57:35 WARN native_store_unavailable gate=bd_context_agreement reason="bd context is unreachable" scope=/home/jaword/projects/tincan
2026/06/06 10:57:49 WARN native_store_unavailable gate=bd_context_agreement reason="bd context is unreachable" scope=/home/jaword/projects/tincan
2026/06/06 10:57:49 WARN native_store_unavailable gate=bd_context_agreement reason="bd context is unreachable" scope=/home/jaword/projects/tincan
2026/06/06 10:57:49 WARN native_store_unavailable gate=bd_context_agreement reason="bd context is unreachable" scope=/home/jaword/projects/tincan
2026/06/06 10:57:54 WARN native_store_unavailable gate=bd_context_agreement reason="bd context is unreachable" scope=/home/jaword/projects/tincan
2026/06/06 10:57:54 WARN native_store_unavailable gate=bd_context_agreement reason="bd context is unreachable" scope=/home/jaword/projects/tincan
2026/06/06 10:57:54 WARN native_store_unavailable gate=bd_context_agreement reason="bd context is unreachable" scope=/home/jaword/projects/tincan
2026/06/06 10:57:54 WARN native_store_unavailable gate=bd_context_agreement reason="bd context is unreachable" scope=/home/jaword/projects/tincan
2026/06/06 10:57:54 WARN native_store_unavailable gate=bd_context_agreement reason="bd context is unreachable" scope=/home/jaword/projects/tincan
2026/06/06 10:57:54 WARN native_store_unavailable gate=bd_context_agreement reason="bd context is unreachable" scope=/home/jaword/projects/tincan
2026/06/06 10:59:42 WARN native_store_unavailable gate=bd_context_agreement reason="bd context is unreachable" scope=/home/jaword/projects/tincan
2026/06/06 10:59:42 WARN native_store_unavailable gate=bd_context_agreement reason="bd context is unreachable" scope=/home/jaword/projects/tincan
2026/06/06 10:59:42 WARN native_store_unavailable gate=bd_context_agreement reason="bd context is unreachable" scope=/home/jaword/projects/tincan
2026/06/06 10:59:42 WARN native_store_unavailable gate=bd_context_agreement reason="bd context is unreachable" scope=/home/jaword/projects/tincan
2026/06/06 10:59:42 WARN native_store_unavailable gate=bd_context_agreement reason="bd context is unreachable" scope=/home/jaword/projects/tincan
2026/06/06 10:59:42 WARN native_store_unavailable gate=bd_context_agreement reason="bd context is unreachable" scope=/home/jaword/projects/tincan
2026/06/06 10:59:48 WARN native_store_unavailable gate=bd_context_agreement reason="bd context is unreachable" scope=/home/jaword/projects/tincan
2026/06/06 10:59:48 WARN native_store_unavailable gate=bd_context_agreement reason="bd context is unreachable" scope=/home/jaword/projects/tincan
2026/06/06 10:59:48 WARN native_store_unavailable gate=bd_context_agreement reason="bd context is unreachable" scope=/home/jaword/projects/tincan
2026/06/06 10:59:53 WARN native_store_unavailable gate=bd_context_agreement reason="bd context is unreachable" scope=/home/jaword/projects/tincan
2026/06/06 10:59:53 WARN native_store_unavailable gate=bd_context_agreement reason="bd context is unreachable" scope=/home/jaword/projects/tincan
2026/06/06 10:59:53 WARN native_store_unavailable gate=bd_context_agreement reason="bd context is unreachable" scope=/home/jaword/projects/tincan
2026/06/06 10:59:53 WARN native_store_unavailable gate=bd_context_agreement reason="bd context is unreachable" scope=/home/jaword/projects/tincan
2026/06/06 10:59:53 WARN native_store_unavailable gate=bd_context_agreement reason="bd context is unreachable" scope=/home/jaword/projects/tincan
2026/06/06 10:59:53 WARN native_store_unavailable gate=bd_context_agreement reason="bd context is unreachable" scope=/home/jaword/projects/tincan
2026/06/06 11:00:58 WARN native_store_unavailable gate=bd_context_agreement reason="bd context is unreachable" scope=/home/jaword/projects/tincan
2026/06/06 11:00:58 WARN native_store_unavailable gate=bd_context_agreement reason="bd context is unreachable" scope=/home/jaword/projects/tincan
2026/06/06 11:00:58 WARN native_store_unavailable gate=bd_context_agreement reason="bd context is unreachable" scope=/home/jaword/projects/tincan
2026/06/06 11:00:59 WARN native_store_unavailable gate=bd_context_agreement reason="bd context is unreachable" scope=/home/jaword/projects/tincan
2026/06/06 11:00:59 WARN native_store_unavailable gate=bd_context_agreement reason="bd context is unreachable" scope=/home/jaword/projects/tincan
2026/06/06 11:00:59 WARN native_store_unavailable gate=bd_context_agreement reason="bd context is unreachable" scope=/home/jaword/projects/tincan
2026/06/06 11:00:59 WARN native_store_unavailable gate=bd_context_agreement reason="bd context is unreachable" scope=/home/jaword/projects/tincan
2026/06/06 11:00:59 WARN native_store_unavailable gate=bd_context_agreement reason="bd context is unreachable" scope=/home/jaword/projects/tincan
2026/06/06 11:00:59 WARN native_store_unavailable gate=bd_context_agreement reason="bd context is unreachable" scope=/home/jaword/projects/tincan
2026/06/06 11:01:00 WARN native_store_unavailable gate=bd_context_agreement reason="bd context is unreachable" scope=/home/jaword/projects/tincan
2026/06/06 11:01:00 WARN native_store_unavailable gate=bd_context_agreement reason="bd context is unreachable" scope=/home/jaword/projects/tincan
2026/06/06 11:01:00 WARN native_store_unavailable gate=bd_context_agreement reason="bd context is unreachable" scope=/home/jaword/projects/tincan
2026/06/06 11:01:00 WARN native_store_unavailable gate=bd_context_agreement reason="bd context is unreachable" scope=/home/jaword/projects/tincan
2026/06/06 11:01:00 WARN native_store_unavailable gate=bd_context_agreement reason="bd context is unreachable" scope=/home/jaword/projects/tincan
2026/06/06 11:01:00 WARN native_store_unavailable gate=bd_context_agreement reason="bd context is unreachable" scope=/home/jaword/projects/tincan
2026/06/06 11:06:40 WARN native_store_unavailable gate=bd_context_agreement reason="bd context is unreachable" scope=/home/jaword/projects/tincan
2026/06/06 11:06:40 WARN native_store_unavailable gate=bd_context_agreement reason="bd context is unreachable" scope=/home/jaword/projects/tincan
2026/06/06 11:06:40 WARN native_store_unavailable gate=bd_context_agreement reason="bd context is unreachable" scope=/home/jaword/projects/tincan
2026/06/06 11:07:04 WARN native_store_unavailable gate=bd_context_agreement reason="bd context is unreachable" scope=/home/jaword/projects/tincan
2026/06/06 11:07:04 WARN native_store_unavailable gate=bd_context_agreement reason="bd context is unreachable" scope=/home/jaword/projects/tincan
2026/06/06 11:07:04 WARN native_store_unavailable gate=bd_context_agreement reason="bd context is unreachable" scope=/home/jaword/projects/tincan
2026/06/06 11:07:05 WARN native_store_unavailable gate=bd_context_agreement reason="bd context is unreachable" scope=/home/jaword/projects/tincan
2026/06/06 11:07:05 WARN native_store_unavailable gate=bd_context_agreement reason="bd context is unreachable" scope=/home/jaword/projects/tincan
2026/06/06 11:07:05 WARN native_store_unavailable gate=bd_context_agreement reason="bd context is unreachable" scope=/home/jaword/projects/tincan
2026/06/06 11:07:06 WARN native_store_unavailable gate=bd_context_agreement reason="bd context is unreachable" scope=/home/jaword/projects/tincan
2026/06/06 11:07:06 WARN native_store_unavailable gate=bd_context_agreement reason="bd context is unreachable" scope=/home/jaword/projects/tincan
2026/06/06 11:07:06 WARN native_store_unavailable gate=bd_context_agreement reason="bd context is unreachable" scope=/home/jaword/projects/tincan
2026/06/06 11:07:08 WARN native_store_unavailable gate=bd_context_agreement reason="bd context is unreachable" scope=/home/jaword/projects/tincan
2026/06/06 11:07:08 WARN native_store_unavailable gate=bd_context_agreement reason="bd context is unreachable" scope=/home/jaword/projects/tincan
2026/06/06 11:07:08 WARN native_store_unavailable gate=bd_context_agreement reason="bd context is unreachable" scope=/home/jaword/projects/tincan
2026/06/06 11:07:09 WARN native_store_unavailable gate=bd_context_agreement reason="bd context is unreachable" scope=/home/jaword/projects/tincan
2026/06/06 11:07:09 WARN native_store_unavailable gate=bd_context_agreement reason="bd context is unreachable" scope=/home/jaword/projects/tincan
2026/06/06 11:07:09 WARN native_store_unavailable gate=bd_context_agreement reason="bd context is unreachable" scope=/home/jaword/projects/tincan
2026/06/06 11:10:20 WARN native_store_unavailable gate=bd_context_agreement reason="bd context is unreachable" scope=/home/jaword/projects/tincan
2026/06/06 11:10:20 WARN native_store_unavailable gate=bd_context_agreement reason="bd context is unreachable" scope=/home/jaword/projects/tincan
2026/06/06 11:10:20 WARN native_store_unavailable gate=bd_context_agreement reason="bd context is unreachable" scope=/home/jaword/projects/tincan
2026/06/06 11:13:10 WARN native_store_unavailable gate=bd_context_agreement reason="bd context is unreachable" scope=/home/jaword/projects/tincan
2026/06/06 11:13:10 WARN native_store_unavailable gate=bd_context_agreement reason="bd context is unreachable" scope=/home/jaword/projects/tincan
2026/06/06 11:13:10 WARN native_store_unavailable gate=bd_context_agreement reason="bd context is unreachable" scope=/home/jaword/projects/tincan
2026/06/06 11:15:31 WARN native_store_unavailable gate=bd_context_agreement reason="bd context is unreachable" scope=/home/jaword/projects/tincan
2026/06/06 11:15:31 WARN native_store_unavailable gate=bd_context_agreement reason="bd context is unreachable" scope=/home/jaword/projects/tincan
2026/06/06 11:15:31 WARN native_store_unavailable gate=bd_context_agreement reason="bd context is unreachable" scope=/home/jaword/projects/tincan
2026/06/06 11:15:48 WARN native_store_unavailable gate=bd_context_agreement reason="bd context is unreachable" scope=/home/jaword/projects/tincan
2026/06/06 11:15:48 WARN native_store_unavailable gate=bd_context_agreement reason="bd context is unreachable" scope=/home/jaword/projects/tincan
2026/06/06 11:15:48 WARN native_store_unavailable gate=bd_context_agreement reason="bd context is unreachable" scope=/home/jaword/projects/tincan
2026/06/06 11:15:49 WARN native_store_unavailable gate=bd_context_agreement reason="bd context is unreachable" scope=/home/jaword/projects/tincan
2026/06/06 11:15:49 WARN native_store_unavailable gate=bd_context_agreement reason="bd context is unreachable" scope=/home/jaword/projects/tincan
2026/06/06 11:15:49 WARN native_store_unavailable gate=bd_context_agreement reason="bd context is unreachable" scope=/home/jaword/projects/tincan
2026/06/06 11:15:49 WARN native_store_unavailable gate=bd_context_agreement reason="bd context is unreachable" scope=/home/jaword/projects/tincan
2026/06/06 11:15:49 WARN native_store_unavailable gate=bd_context_agreement reason="bd context is unreachable" scope=/home/jaword/projects/tincan
2026/06/06 11:15:49 WARN native_store_unavailable gate=bd_context_agreement reason="bd context is unreachable" scope=/home/jaword/projects/tincan
2026/06/06 11:15:50 WARN native_store_unavailable gate=bd_context_agreement reason="bd context is unreachable" scope=/home/jaword/projects/tincan
2026/06/06 11:15:50 WARN native_store_unavailable gate=bd_context_agreement reason="bd context is unreachable" scope=/home/jaword/projects/tincan
2026/06/06 11:15:50 WARN native_store_unavailable gate=bd_context_agreement reason="bd context is unreachable" scope=/home/jaword/projects/tincan
2026/06/06 11:15:51 WARN native_store_unavailable gate=bd_context_agreement reason="bd context is unreachable" scope=/home/jaword/projects/tincan
2026/06/06 11:15:51 WARN native_store_unavailable gate=bd_context_agreement reason="bd context is unreachable" scope=/home/jaword/projects/tincan
2026/06/06 11:15:51 WARN native_store_unavailable gate=bd_context_agreement reason="bd context is unreachable" scope=/home/jaword/projects/tincan
2026/06/06 11:16:46 WARN native_store_unavailable gate=bd_context_agreement reason="bd context is unreachable" scope=/home/jaword/projects/tincan
2026/06/06 11:16:46 WARN native_store_unavailable gate=bd_context_agreement reason="bd context is unreachable" scope=/home/jaword/projects/tincan
2026/06/06 11:16:46 WARN native_store_unavailable gate=bd_context_agreement reason="bd context is unreachable" scope=/home/jaword/projects/tincan
2026/06/06 11:16:53 WARN native_store_unavailable gate=bd_context_agreement reason="bd context is unreachable" scope=/home/jaword/projects/tincan
2026/06/06 11:16:53 WARN native_store_unavailable gate=bd_context_agreement reason="bd context is unreachable" scope=/home/jaword/projects/tincan
2026/06/06 11:16:53 WARN native_store_unavailable gate=bd_context_agreement reason="bd context is unreachable" scope=/home/jaword/projects/tincan
2026/06/06 11:17:26 WARN native_store_unavailable gate=bd_context_agreement reason="bd context is unreachable" scope=/home/jaword/projects/tincan
2026/06/06 11:17:26 WARN native_store_unavailable gate=bd_context_agreement reason="bd context is unreachable" scope=/home/jaword/projects/tincan
2026/06/06 11:17:26 WARN native_store_unavailable gate=bd_context_agreement reason="bd context is unreachable" scope=/home/jaword/projects/tincan
2026/06/06 11:20:37 WARN native_store_unavailable gate=bd_context_agreement reason="bd context is unreachable" scope=/home/jaword/projects/tincan
2026/06/06 11:20:37 WARN native_store_unavailable gate=bd_context_agreement reason="bd context is unreachable" scope=/home/jaword/projects/tincan
2026/06/06 11:20:37 WARN native_store_unavailable gate=bd_context_agreement reason="bd context is unreachable" scope=/home/jaword/projects/tincan
2026/06/06 11:21:04 WARN native_store_unavailable gate=bd_context_agreement reason="bd context is unreachable" scope=/home/jaword/projects/tincan
2026/06/06 11:21:04 WARN native_store_unavailable gate=bd_context_agreement reason="bd context is unreachable" scope=/home/jaword/projects/tincan
2026/06/06 11:21:04 WARN native_store_unavailable gate=bd_context_agreement reason="bd context is unreachable" scope=/home/jaword/projects/tincan
2026/06/06 11:21:13 WARN native_store_unavailable gate=bd_context_agreement reason="bd context is unreachable" scope=/home/jaword/projects/tincan
2026/06/06 11:21:13 WARN native_store_unavailable gate=bd_context_agreement reason="bd context is unreachable" scope=/home/jaword/projects/tincan
2026/06/06 11:21:13 WARN native_store_unavailable gate=bd_context_agreement reason="bd context is unreachable" scope=/home/jaword/projects/tincan
2026/06/06 11:21:24 WARN native_store_unavailable gate=bd_context_agreement reason="bd context is unreachable" scope=/home/jaword/projects/tincan
2026/06/06 11:21:24 WARN native_store_unavailable gate=bd_context_agreement reason="bd context is unreachable" scope=/home/jaword/projects/tincan
2026/06/06 11:21:24 WARN native_store_unavailable gate=bd_context_agreement reason="bd context is unreachable" scope=/home/jaword/projects/tincan
2026/06/06 11:21:37 WARN native_store_unavailable gate=bd_context_agreement reason="bd context is unreachable" scope=/home/jaword/projects/tincan
2026/06/06 11:21:38 WARN native_store_unavailable gate=bd_context_agreement reason="bd context is unreachable" scope=/home/jaword/projects/tincan
2026/06/06 11:21:38 WARN native_store_unavailable gate=bd_context_agreement reason="bd context is unreachable" scope=/home/jaword/projects/tincan
2026/06/06 11:21:38 WARN native_store_unavailable gate=bd_context_agreement reason="bd context is unreachable" scope=/home/jaword/projects/tincan
2026/06/06 11:21:38 WARN native_store_unavailable gate=bd_context_agreement reason="bd context is unreachable" scope=/home/jaword/projects/tincan
2026/06/06 11:21:38 WARN native_store_unavailable gate=bd_context_agreement reason="bd context is unreachable" scope=/home/jaword/projects/tincan
2026/06/06 11:21:38 WARN native_store_unavailable gate=bd_context_agreement reason="bd context is unreachable" scope=/home/jaword/projects/tincan
2026/06/06 11:21:38 WARN native_store_unavailable gate=bd_context_agreement reason="bd context is unreachable" scope=/home/jaword/projects/tincan
2026/06/06 11:21:38 WARN native_store_unavailable gate=bd_context_agreement reason="bd context is unreachable" scope=/home/jaword/projects/tincan
2026/06/06 11:23:19 WARN native_store_unavailable gate=bd_context_agreement reason="bd context is unreachable" scope=/home/jaword/projects/tincan
2026/06/06 11:23:20 WARN native_store_unavailable gate=bd_context_agreement reason="bd context is unreachable" scope=/home/jaword/projects/tincan
2026/06/06 11:23:20 WARN native_store_unavailable gate=bd_context_agreement reason="bd context is unreachable" scope=/home/jaword/projects/tincan
2026/06/06 11:23:20 WARN native_store_unavailable gate=bd_context_agreement reason="bd context is unreachable" scope=/home/jaword/projects/tincan
2026/06/06 11:23:20 WARN native_store_unavailable gate=bd_context_agreement reason="bd context is unreachable" scope=/home/jaword/projects/tincan
2026/06/06 11:23:20 WARN native_store_unavailable gate=bd_context_agreement reason="bd context is unreachable" scope=/home/jaword/projects/tincan
2026/06/06 11:23:20 WARN native_store_unavailable gate=bd_context_agreement reason="bd context is unreachable" scope=/home/jaword/projects/tincan
2026/06/06 11:23:20 WARN native_store_unavailable gate=bd_context_agreement reason="bd context is unreachable" scope=/home/jaword/projects/tincan
2026/06/06 11:23:20 WARN native_store_unavailable gate=bd_context_agreement reason="bd context is unreachable" scope=/home/jaword/projects/tincan
2026/06/06 11:23:20 WARN native_store_unavailable gate=bd_context_agreement reason="bd context is unreachable" scope=/home/jaword/projects/tincan
2026/06/06 11:23:20 WARN native_store_unavailable gate=bd_context_agreement reason="bd context is unreachable" scope=/home/jaword/projects/tincan
2026/06/06 11:23:20 WARN native_store_unavailable gate=bd_context_agreement reason="bd context is unreachable" scope=/home/jaword/projects/tincan
2026/06/06 11:24:25 WARN native_store_unavailable gate=bd_context_agreement reason="bd context is unreachable" scope=/home/jaword/projects/tincan
2026/06/06 11:24:25 WARN native_store_unavailable gate=bd_context_agreement reason="bd context is unreachable" scope=/home/jaword/projects/tincan
2026/06/06 11:24:26 WARN native_store_unavailable gate=bd_context_agreement reason="bd context is unreachable" scope=/home/jaword/projects/tincan
2026/06/06 11:24:26 WARN native_store_unavailable gate=bd_context_agreement reason="bd context is unreachable" scope=/home/jaword/projects/tincan
2026/06/06 11:24:26 WARN native_store_unavailable gate=bd_context_agreement reason="bd context is unreachable" scope=/home/jaword/projects/tincan
2026/06/06 11:24:26 WARN native_store_unavailable gate=bd_context_agreement reason="bd context is unreachable" scope=/home/jaword/projects/tincan
2026/06/06 11:24:37 WARN native_store_unavailable gate=bd_context_agreement reason="bd context is unreachable" scope=/home/jaword/projects/tincan
2026/06/06 11:24:37 WARN native_store_unavailable gate=bd_context_agreement reason="bd context is unreachable" scope=/home/jaword/projects/tincan
2026/06/06 11:24:37 WARN native_store_unavailable gate=bd_context_agreement reason="bd context is unreachable" scope=/home/jaword/projects/tincan
2026/06/06 11:24:38 WARN native_store_unavailable gate=bd_context_agreement reason="bd context is unreachable" scope=/home/jaword/projects/tincan
2026/06/06 11:24:38 WARN native_store_unavailable gate=bd_context_agreement reason="bd context is unreachable" scope=/home/jaword/projects/tincan
2026/06/06 11:24:38 WARN native_store_unavailable gate=bd_context_agreement reason="bd context is unreachable" scope=/home/jaword/projects/tincan
2026/06/06 11:24:38 WARN native_store_unavailable gate=bd_context_agreement reason="bd context is unreachable" scope=/home/jaword/projects/tincan
2026/06/06 11:24:38 WARN native_store_unavailable gate=bd_context_agreement reason="bd context is unreachable" scope=/home/jaword/projects/tincan
2026/06/06 11:24:38 WARN native_store_unavailable gate=bd_context_agreement reason="bd context is unreachable" scope=/home/jaword/projects/tincan
2026/06/06 11:24:39 WARN native_store_unavailable gate=bd_context_agreement reason="bd context is unreachable" scope=/home/jaword/projects/tincan
2026/06/06 11:24:39 WARN native_store_unavailable gate=bd_context_agreement reason="bd context is unreachable" scope=/home/jaword/projects/tincan
2026/06/06 11:24:39 WARN native_store_unavailable gate=bd_context_agreement reason="bd context is unreachable" scope=/home/jaword/projects/tincan
2026/06/06 11:29:39 WARN native_store_unavailable gate=bd_context_agreement reason="bd context is unreachable" scope=/home/jaword/projects/tincan
2026/06/06 11:29:39 WARN native_store_unavailable gate=bd_context_agreement reason="bd context is unreachable" scope=/home/jaword/projects/tincan
2026/06/06 11:29:39 WARN native_store_unavailable gate=bd_context_agreement reason="bd context is unreachable" scope=/home/jaword/projects/tincan
2026/06/06 11:29:40 WARN native_store_unavailable gate=bd_context_agreement reason="bd context is unreachable" scope=/home/jaword/projects/tincan
2026/06/06 11:29:40 WARN native_store_unavailable gate=bd_context_agreement reason="bd context is unreachable" scope=/home/jaword/projects/tincan
2026/06/06 11:29:40 WARN native_store_unavailable gate=bd_context_agreement reason="bd context is unreachable" scope=/home/jaword/projects/tincan
2026/06/06 11:29:49 WARN native_store_unavailable gate=bd_context_agreement reason="bd context is unreachable" scope=/home/jaword/projects/tincan
2026/06/06 11:29:49 WARN native_store_unavailable gate=bd_context_agreement reason="bd context is unreachable" scope=/home/jaword/projects/tincan
2026/06/06 11:29:49 WARN native_store_unavailable gate=bd_context_agreement reason="bd context is unreachable" scope=/home/jaword/projects/tincan
2026/06/06 11:29:50 WARN native_store_unavailable gate=bd_context_agreement reason="bd context is unreachable" scope=/home/jaword/projects/tincan
2026/06/06 11:29:50 WARN native_store_unavailable gate=bd_context_agreement reason="bd context is unreachable" scope=/home/jaword/projects/tincan
2026/06/06 11:29:50 WARN native_store_unavailable gate=bd_context_agreement reason="bd context is unreachable" scope=/home/jaword/projects/tincan
2026/06/06 11:29:50 WARN native_store_unavailable gate=bd_context_agreement reason="bd context is unreachable" scope=/home/jaword/projects/tincan
2026/06/06 11:29:50 WARN native_store_unavailable gate=bd_context_agreement reason="bd context is unreachable" scope=/home/jaword/projects/tincan
2026/06/06 11:29:50 WARN native_store_unavailable gate=bd_context_agreement reason="bd context is unreachable" scope=/home/jaword/projects/tincan
2026/06/06 11:30:56 WARN native_store_unavailable gate=bd_context_agreement reason="bd context is unreachable" scope=/home/jaword/projects/tincan
2026/06/06 11:30:56 WARN native_store_unavailable gate=bd_context_agreement reason="bd context is unreachable" scope=/home/jaword/projects/tincan
2026/06/06 11:30:56 WARN native_store_unavailable gate=bd_context_agreement reason="bd context is unreachable" scope=/home/jaword/projects/tincan
2026/06/06 11:30:56 WARN native_store_unavailable gate=bd_context_agreement reason="bd context is unreachable" scope=/home/jaword/projects/tincan
2026/06/06 11:30:56 WARN native_store_unavailable gate=bd_context_agreement reason="bd context is unreachable" scope=/home/jaword/projects/tincan
2026/06/06 11:30:56 WARN native_store_unavailable gate=bd_context_agreement reason="bd context is unreachable" scope=/home/jaword/projects/tincan
2026/06/06 11:31:12 WARN native_store_unavailable gate=bd_context_agreement reason="bd context is unreachable" scope=/home/jaword/projects/tincan
2026/06/06 11:31:12 WARN native_store_unavailable gate=bd_context_agreement reason="bd context is unreachable" scope=/home/jaword/projects/tincan
2026/06/06 11:31:12 WARN native_store_unavailable gate=bd_context_agreement reason="bd context is unreachable" scope=/home/jaword/projects/tincan
2026/06/06 11:31:13 WARN native_store_unavailable gate=bd_context_agreement reason="bd context is unreachable" scope=/home/jaword/projects/tincan
2026/06/06 11:31:13 WARN native_store_unavailable gate=bd_context_agreement reason="bd context is unreachable" scope=/home/jaword/projects/tincan
2026/06/06 11:31:13 WARN native_store_unavailable gate=bd_context_agreement reason="bd context is unreachable" scope=/home/jaword/projects/tincan
2026/06/06 11:31:13 WARN native_store_unavailable gate=bd_context_agreement reason="bd context is unreachable" scope=/home/jaword/projects/tincan
2026/06/06 11:31:13 WARN native_store_unavailable gate=bd_context_agreement reason="bd context is unreachable" scope=/home/jaword/projects/tincan
2026/06/06 11:31:13 WARN native_store_unavailable gate=bd_context_agreement reason="bd context is unreachable" scope=/home/jaword/projects/tincan
2026/06/06 11:32:43 WARN native_store_unavailable gate=bd_context_agreement reason="bd context is unreachable" scope=/home/jaword/projects/tincan
2026/06/06 11:32:43 WARN native_store_unavailable gate=bd_context_agreement reason="bd context is unreachable" scope=/home/jaword/projects/tincan
2026/06/06 11:32:43 WARN native_store_unavailable gate=bd_context_agreement reason="bd context is unreachable" scope=/home/jaword/projects/tincan
2026/06/06 11:32:44 WARN native_store_unavailable gate=bd_context_agreement reason="bd context is unreachable" scope=/home/jaword/projects/tincan
2026/06/06 11:32:44 WARN native_store_unavailable gate=bd_context_agreement reason="bd context is unreachable" scope=/home/jaword/projects/tincan
2026/06/06 11:32:44 WARN native_store_unavailable gate=bd_context_agreement reason="bd context is unreachable" scope=/home/jaword/projects/tincan
2026/06/06 11:32:51 WARN native_store_unavailable gate=bd_context_agreement reason="bd context is unreachable" scope=/home/jaword/projects/tincan
2026/06/06 11:32:51 WARN native_store_unavailable gate=bd_context_agreement reason="bd context is unreachable" scope=/home/jaword/projects/tincan
2026/06/06 11:32:51 WARN native_store_unavailable gate=bd_context_agreement reason="bd context is unreachable" scope=/home/jaword/projects/tincan
2026/06/06 11:32:52 WARN native_store_unavailable gate=bd_context_agreement reason="bd context is unreachable" scope=/home/jaword/projects/tincan
2026/06/06 11:32:52 WARN native_store_unavailable gate=bd_context_agreement reason="bd context is unreachable" scope=/home/jaword/projects/tincan
2026/06/06 11:32:52 WARN native_store_unavailable gate=bd_context_agreement reason="bd context is unreachable" scope=/home/jaword/projects/tincan
2026/06/06 11:32:52 WARN native_store_unavailable gate=bd_context_agreement reason="bd context is unreachable" scope=/home/jaword/projects/tincan
2026/06/06 11:32:52 WARN native_store_unavailable gate=bd_context_agreement reason="bd context is unreachable" scope=/home/jaword/projects/tincan
2026/06/06 11:32:52 WARN native_store_unavailable gate=bd_context_agreement reason="bd context is unreachable" scope=/home/jaword/projects/tincan
2026/06/06 11:41:57 WARN native_store_unavailable gate=bd_context_agreement reason="bd context is unreachable" scope=/home/jaword/projects/tincan
2026/06/06 11:41:57 WARN native_store_unavailable gate=bd_context_agreement reason="bd context is unreachable" scope=/home/jaword/projects/tincan
2026/06/06 11:41:57 WARN native_store_unavailable gate=bd_context_agreement reason="bd context is unreachable" scope=/home/jaword/projects/tincan
2026/06/06 11:41:57 WARN native_store_unavailable gate=bd_context_agreement reason="bd context is unreachable" scope=/home/jaword/projects/tincan
2026/06/06 11:41:57 WARN native_store_unavailable gate=bd_context_agreement reason="bd context is unreachable" scope=/home/jaword/projects/tincan
2026/06/06 11:41:57 WARN native_store_unavailable gate=bd_context_agreement reason="bd context is unreachable" scope=/home/jaword/projects/tincan
2026/06/06 11:41:58 WARN native_store_unavailable gate=bd_context_agreement reason="bd context is unreachable" scope=/home/jaword/projects/tincan
2026/06/06 11:41:58 WARN native_store_unavailable gate=bd_context_agreement reason="bd context is unreachable" scope=/home/jaword/projects/tincan
2026/06/06 11:41:58 WARN native_store_unavailable gate=bd_context_agreement reason="bd context is unreachable" scope=/home/jaword/projects/tincan
2026/06/06 11:41:58 WARN native_store_unavailable gate=bd_context_agreement reason="bd context is unreachable" scope=/home/jaword/projects/tincan
2026/06/06 11:41:58 WARN native_store_unavailable gate=bd_context_agreement reason="bd context is unreachable" scope=/home/jaword/projects/tincan
2026/06/06 11:41:58 WARN native_store_unavailable gate=bd_context_agreement reason="bd context is unreachable" scope=/home/jaword/projects/tincan
2026/06/06 11:41:58 WARN native_store_unavailable gate=bd_context_agreement reason="bd context is unreachable" scope=/home/jaword/projects/tincan
2026/06/06 11:41:59 WARN native_store_unavailable gate=bd_context_agreement reason="bd context is unreachable" scope=/home/jaword/projects/tincan
2026/06/06 11:41:59 WARN native_store_unavailable gate=bd_context_agreement reason="bd context is unreachable" scope=/home/jaword/projects/tincan
2026/06/06 11:41:59 WARN native_store_unavailable gate=bd_context_agreement reason="bd context is unreachable" scope=/home/jaword/projects/tincan
2026/06/06 11:41:59 WARN native_store_unavailable gate=bd_context_agreement reason="bd context is unreachable" scope=/home/jaword/projects/tincan
2026/06/06 11:41:59 WARN native_store_unavailable gate=bd_context_agreement reason="bd context is unreachable" scope=/home/jaword/projects/tincan
2026/06/06 11:41:59 WARN native_store_unavailable gate=bd_context_agreement reason="bd context is unreachable" scope=/home/jaword/projects/tincan
2026/06/06 11:41:59 WARN native_store_unavailable gate=bd_context_agreement reason="bd context is unreachable" scope=/home/jaword/projects/tincan
2026/06/06 11:41:59 WARN native_store_unavailable gate=bd_context_agreement reason="bd context is unreachable" scope=/home/jaword/projects/tincan
2026/06/06 11:41:59 WARN native_store_unavailable gate=bd_context_agreement reason="bd context is unreachable" scope=/home/jaword/projects/tincan
2026/06/06 11:41:59 WARN native_store_unavailable gate=bd_context_agreement reason="bd context is unreachable" scope=/home/jaword/projects/tincan
2026/06/06 11:42:00 WARN native_store_unavailable gate=bd_context_agreement reason="bd context is unreachable" scope=/home/jaword/projects/tincan
2026/06/06 11:42:10 WARN native_store_unavailable gate=bd_context_agreement reason="bd context is unreachable" scope=/home/jaword/projects/tincan
2026/06/06 11:42:10 WARN native_store_unavailable gate=bd_context_agreement reason="bd context is unreachable" scope=/home/jaword/projects/tincan
2026/06/06 11:42:10 WARN native_store_unavailable gate=bd_context_agreement reason="bd context is unreachable" scope=/home/jaword/projects/tincan
2026/06/06 11:42:10 WARN native_store_unavailable gate=bd_context_agreement reason="bd context is unreachable" scope=/home/jaword/projects/tincan
2026/06/06 11:42:10 WARN native_store_unavailable gate=bd_context_agreement reason="bd context is unreachable" scope=/home/jaword/projects/tincan
2026/06/06 11:42:10 WARN native_store_unavailable gate=bd_context_agreement reason="bd context is unreachable" scope=/home/jaword/projects/tincan
2026/06/06 11:42:18 WARN native_store_unavailable gate=bd_context_agreement reason="bd context is unreachable" scope=/home/jaword/projects/tincan
2026/06/06 11:42:18 WARN native_store_unavailable gate=bd_context_agreement reason="bd context is unreachable" scope=/home/jaword/projects/tincan
2026/06/06 11:42:18 WARN native_store_unavailable gate=bd_context_agreement reason="bd context is unreachable" scope=/home/jaword/projects/tincan
2026/06/06 11:42:20 WARN native_store_unavailable gate=bd_context_agreement reason="bd context is unreachable" scope=/home/jaword/projects/tincan
gc event emit: bead payload tincan-3iwpg: loading bead: getting bead "tincan-3iwpg": bead not found
2026/06/06 11:58:03 WARN native_store_unavailable gate=bd_context_agreement reason="bd context is unreachable" scope=/home/jaword/projects/tincan
gc event emit: bead payload tincan-j83o1: loading bead: getting bead "tincan-j83o1": bead not found
2026/06/06 11:58:44 WARN native_store_unavailable gate=bd_context_agreement reason="bd context is unreachable" scope=/home/jaword/projects/tincan
gc event emit: bead payload tincan-qal40: loading bead: getting bead "tincan-qal40": bead not found
2026/06/06 12:13:38 WARN native_store_unavailable gate=bd_context_agreement reason="bd context is unreachable" scope=/home/jaword/projects/tincan
2026/06/06 12:13:38 WARN native_store_unavailable gate=bd_context_agreement reason="bd context is unreachable" scope=/home/jaword/projects/tincan
2026/06/06 12:13:38 WARN native_store_unavailable gate=bd_context_agreement reason="bd context is unreachable" scope=/home/jaword/projects/tincan
2026/06/06 12:37:07 WARN native_store_unavailable gate=bd_context_agreement reason="bd context is unreachable" scope=/home/jaword/projects/tincan
2026/06/06 12:37:07 WARN native_store_unavailable gate=bd_context_agreement reason="bd context is unreachable" scope=/home/jaword/projects/tincan
2026/06/06 12:37:07 WARN native_store_unavailable gate=bd_context_agreement reason="bd context is unreachable" scope=/home/jaword/projects/tincan
2026/06/06 13:11:04 WARN native_store_unavailable gate=bd_context_agreement reason="bd context is unreachable" scope=/home/jaword/projects/tincan
2026/06/06 13:11:04 WARN native_store_unavailable gate=bd_context_agreement reason="bd context is unreachable" scope=/home/jaword/projects/tincan
2026/06/06 13:11:04 WARN native_store_unavailable gate=bd_context_agreement reason="bd context is unreachable" scope=/home/jaword/projects/tincan
2026/06/06 13:11:12 WARN native_store_unavailable gate=bd_context_agreement reason="bd context is unreachable" scope=/home/jaword/projects/tincan
2026/06/06 13:11:12 WARN native_store_unavailable gate=bd_context_agreement reason="bd context is unreachable" scope=/home/jaword/projects/tincan
2026/06/06 13:11:12 WARN native_store_unavailable gate=bd_context_agreement reason="bd context is unreachable" scope=/home/jaword/projects/tincan
gc event emit: bead payload tincan-anzhr: loading bead: getting bead "tincan-anzhr": bead not found
gc event emit: bead payload tincan-anzhr: loading bead: getting bead "tincan-anzhr": bead not found
gc event emit: bead payload tincan-anzhr: loading bead: getting bead "tincan-anzhr": bead not found
2026/06/06 13:11:17 WARN native_store_unavailable gate=bd_context_agreement reason="bd context is unreachable" scope=/home/jaword/projects/tincan
gc event emit: bead payload tincan-v5j8y: loading bead: getting bead "tincan-v5j8y": bead not found
2026/06/06 13:14:09 WARN native_store_unavailable gate=bd_context_agreement reason="bd context is unreachable" scope=/home/jaword/projects/tincan
2026/06/06 13:14:09 WARN native_store_unavailable gate=bd_context_agreement reason="bd context is unreachable" scope=/home/jaword/projects/tincan
2026/06/06 13:14:09 WARN native_store_unavailable gate=bd_context_agreement reason="bd context is unreachable" scope=/home/jaword/projects/tincan
2026/06/06 13:30:01 WARN native_store_unavailable gate=bd_context_agreement reason="bd context is unreachable" scope=/home/jaword/projects/tincan
2026/06/06 13:30:01 WARN native_store_unavailable gate=bd_context_agreement reason="bd context is unreachable" scope=/home/jaword/projects/tincan
2026/06/06 13:30:01 WARN native_store_unavailable gate=bd_context_agreement reason="bd context is unreachable" scope=/home/jaword/projects/tincan
2026/06/06 13:30:01 WARN native_store_unavailable gate=bd_context_agreement reason="bd context is unreachable" scope=/home/jaword/projects/tincan
2026/06/06 13:30:01 WARN native_store_unavailable gate=bd_context_agreement reason="bd context is unreachable" scope=/home/jaword/projects/tincan
2026/06/06 13:30:01 WARN native_store_unavailable gate=bd_context_agreement reason="bd context is unreachable" scope=/home/jaword/projects/tincan
2026/06/06 13:30:01 WARN native_store_unavailable gate=bd_context_agreement reason="bd context is unreachable" scope=/home/jaword/projects/tincan
2026/06/06 13:30:01 WARN native_store_unavailable gate=bd_context_agreement reason="bd context is unreachable" scope=/home/jaword/projects/tincan
2026/06/06 13:30:01 WARN native_store_unavailable gate=bd_context_agreement reason="bd context is unreachable" scope=/home/jaword/projects/tincan
2026/06/06 13:30:01 WARN native_store_unavailable gate=bd_context_agreement reason="bd context is unreachable" scope=/home/jaword/projects/tincan
2026/06/06 13:30:01 WARN native_store_unavailable gate=bd_context_agreement reason="bd context is unreachable" scope=/home/jaword/projects/tincan
2026/06/06 13:30:01 WARN native_store_unavailable gate=bd_context_agreement reason="bd context is unreachable" scope=/home/jaword/projects/tincan
2026/06/06 13:30:01 WARN native_store_unavailable gate=bd_context_agreement reason="bd context is unreachable" scope=/home/jaword/projects/tincan
2026/06/06 13:30:01 WARN native_store_unavailable gate=bd_context_agreement reason="bd context is unreachable" scope=/home/jaword/projects/tincan
2026/06/06 13:30:01 WARN native_store_unavailable gate=bd_context_agreement reason="bd context is unreachable" scope=/home/jaword/projects/tincan
2026/06/06 13:53:03 WARN native_store_unavailable gate=bd_context_agreement reason="bd context is unreachable" scope=/home/jaword/projects/tincan
gc event emit: bead payload tincan-aqxou: loading bead: getting bead "tincan-aqxou": bead not found
2026/06/06 13:54:54 WARN native_store_unavailable gate=bd_context_agreement reason="bd context is unreachable" scope=/home/jaword/projects/tincan
2026/06/06 13:54:54 WARN native_store_unavailable gate=bd_context_agreement reason="bd context is unreachable" scope=/home/jaword/projects/tincan
2026/06/06 13:54:54 WARN native_store_unavailable gate=bd_context_agreement reason="bd context is unreachable" scope=/home/jaword/projects/tincan
2026/06/06 13:54:55 WARN native_store_unavailable gate=bd_context_agreement reason="bd context is unreachable" scope=/home/jaword/projects/tincan
2026/06/06 13:54:55 WARN native_store_unavailable gate=bd_context_agreement reason="bd context is unreachable" scope=/home/jaword/projects/tincan
2026/06/06 13:54:55 WARN native_store_unavailable gate=bd_context_agreement reason="bd context is unreachable" scope=/home/jaword/projects/tincan
2026/06/06 14:07:48 WARN native_store_unavailable gate=bd_context_agreement reason="bd context is unreachable" scope=/home/jaword/projects/tincan
2026/06/06 14:07:48 WARN native_store_unavailable gate=bd_context_agreement reason="bd context is unreachable" scope=/home/jaword/projects/tincan
2026/06/06 14:07:49 WARN native_store_unavailable gate=bd_context_agreement reason="bd context is unreachable" scope=/home/jaword/projects/tincan
2026/06/06 14:08:01 WARN native_store_unavailable gate=bd_context_agreement reason="bd context is unreachable" scope=/home/jaword/projects/tincan
2026/06/06 14:08:01 WARN native_store_unavailable gate=bd_context_agreement reason="bd context is unreachable" scope=/home/jaword/projects/tincan
2026/06/06 14:08:01 WARN native_store_unavailable gate=bd_context_agreement reason="bd context is unreachable" scope=/home/jaword/projects/tincan
gc event emit: bead payload tincan-fasmr: loading bead: getting bead "tincan-fasmr": bead not found
gc event emit: bead payload tincan-fasmr: loading bead: getting bead "tincan-fasmr": bead not found
gc event emit: bead payload tincan-fasmr: loading bead: getting bead "tincan-fasmr": bead not found
2026/06/06 14:11:55 WARN native_store_unavailable gate=bd_context_agreement reason="bd context is unreachable" scope=/home/jaword/projects/tincan
gc event emit: bead payload tincan-klvmx: loading bead: getting bead "tincan-klvmx": bead not found
2026/06/06 14:12:03 WARN native_store_unavailable gate=bd_context_agreement reason="bd context is unreachable" scope=/home/jaword/projects/tincan
2026/06/06 14:12:03 WARN native_store_unavailable gate=bd_context_agreement reason="bd context is unreachable" scope=/home/jaword/projects/tincan
2026/06/06 14:12:03 WARN native_store_unavailable gate=bd_context_agreement reason="bd context is unreachable" scope=/home/jaword/projects/tincan
2026/06/06 14:12:47 WARN native_store_unavailable gate=bd_context_agreement reason="bd context is unreachable" scope=/home/jaword/projects/tincan
2026/06/06 14:12:47 WARN native_store_unavailable gate=bd_context_agreement reason="bd context is unreachable" scope=/home/jaword/projects/tincan
2026/06/06 14:12:47 WARN native_store_unavailable gate=bd_context_agreement reason="bd context is unreachable" scope=/home/jaword/projects/tincan
2026/06/06 14:12:54 WARN native_store_unavailable gate=bd_context_agreement reason="bd context is unreachable" scope=/home/jaword/projects/tincan
2026/06/06 14:12:54 WARN native_store_unavailable gate=bd_context_agreement reason="bd context is unreachable" scope=/home/jaword/projects/tincan
2026/06/06 14:12:54 WARN native_store_unavailable gate=bd_context_agreement reason="bd context is unreachable" scope=/home/jaword/projects/tincan
gc event emit: bead payload tincan-gw54r: loading bead: getting bead "tincan-gw54r": bead not found
gc event emit: bead payload tincan-gw54r: loading bead: getting bead "tincan-gw54r": bead not found
gc event emit: bead payload tincan-gw54r: loading bead: getting bead "tincan-gw54r": bead not found
2026/06/06 14:12:55 WARN native_store_unavailable gate=bd_context_agreement reason="bd context is unreachable" scope=/home/jaword/projects/tincan
gc event emit: bead payload tincan-5ycdh: loading bead: getting bead "tincan-5ycdh": bead not found
2026/06/06 14:14:39 WARN native_store_unavailable gate=bd_context_agreement reason="bd context is unreachable" scope=/home/jaword/projects/tincan
2026/06/06 14:14:39 WARN native_store_unavailable gate=bd_context_agreement reason="bd context is unreachable" scope=/home/jaword/projects/tincan
2026/06/06 14:14:39 WARN native_store_unavailable gate=bd_context_agreement reason="bd context is unreachable" scope=/home/jaword/projects/tincan
2026/06/06 14:15:26 WARN native_store_unavailable gate=bd_context_agreement reason="bd context is unreachable" scope=/home/jaword/projects/tincan
gc event emit: bead payload tincan-bnczj: loading bead: getting bead "tincan-bnczj": bead not found
2026/06/06 14:16:45 WARN native_store_unavailable gate=bd_context_agreement reason="bd context is unreachable" scope=/home/jaword/projects/tincan
gc event emit: bead payload tincan-1cnoi: loading bead: getting bead "tincan-1cnoi": bead not found
2026/06/06 14:18:19 WARN native_store_unavailable gate=bd_context_agreement reason="bd context is unreachable" scope=/home/jaword/projects/tincan
2026/06/06 14:18:19 WARN native_store_unavailable gate=bd_context_agreement reason="bd context is unreachable" scope=/home/jaword/projects/tincan
2026/06/06 14:18:19 WARN native_store_unavailable gate=bd_context_agreement reason="bd context is unreachable" scope=/home/jaword/projects/tincan
2026/06/06 14:31:50 WARN native_store_unavailable gate=bd_context_agreement reason="bd context is unreachable" scope=/home/jaword/projects/tincan
gc event emit: bead payload tincan-6dgjx: loading bead: getting bead "tincan-6dgjx": bead not found
2026/06/06 14:31:56 WARN native_store_unavailable gate=bd_context_agreement reason="bd context is unreachable" scope=/home/jaword/projects/tincan
2026/06/06 14:31:56 WARN native_store_unavailable gate=bd_context_agreement reason="bd context is unreachable" scope=/home/jaword/projects/tincan
2026/06/06 14:31:56 WARN native_store_unavailable gate=bd_context_agreement reason="bd context is unreachable" scope=/home/jaword/projects/tincan
2026/06/06 14:41:40 WARN native_store_unavailable gate=bd_context_agreement reason="bd context is unreachable" scope=/home/jaword/projects/tincan
2026/06/06 14:41:40 WARN native_store_unavailable gate=bd_context_agreement reason="bd context is unreachable" scope=/home/jaword/projects/tincan
2026/06/06 14:41:40 WARN native_store_unavailable gate=bd_context_agreement reason="bd context is unreachable" scope=/home/jaword/projects/tincan
2026/06/06 14:46:00 WARN native_store_unavailable gate=bd_context_agreement reason="bd context is unreachable" scope=/home/jaword/projects/tincan
2026/06/06 14:46:00 WARN native_store_unavailable gate=bd_context_agreement reason="bd context is unreachable" scope=/home/jaword/projects/tincan
2026/06/06 14:46:00 WARN native_store_unavailable gate=bd_context_agreement reason="bd context is unreachable" scope=/home/jaword/projects/tincan
2026/06/06 14:47:38 WARN native_store_unavailable gate=bd_context_agreement reason="bd context is unreachable" scope=/home/jaword/projects/tincan
2026/06/06 14:47:38 WARN native_store_unavailable gate=bd_context_agreement reason="bd context is unreachable" scope=/home/jaword/projects/tincan
2026/06/06 14:47:38 WARN native_store_unavailable gate=bd_context_agreement reason="bd context is unreachable" scope=/home/jaword/projects/tincan
2026/06/06 14:55:19 WARN native_store_unavailable gate=bd_context_agreement reason="bd context is unreachable" scope=/home/jaword/projects/tincan
gc event emit: bead payload tincan-efvko: loading bead: getting bead "tincan-efvko": bead not found
2026/06/06 14:55:23 WARN native_store_unavailable gate=bd_context_agreement reason="bd context is unreachable" scope=/home/jaword/projects/tincan
gc event emit: bead payload tincan-7gdyt: loading bead: getting bead "tincan-7gdyt": bead not found
2026/06/06 14:55:49 WARN native_store_unavailable gate=bd_context_agreement reason="bd context is unreachable" scope=/home/jaword/projects/tincan
2026/06/06 14:55:49 WARN native_store_unavailable gate=bd_context_agreement reason="bd context is unreachable" scope=/home/jaword/projects/tincan
2026/06/06 14:55:49 WARN native_store_unavailable gate=bd_context_agreement reason="bd context is unreachable" scope=/home/jaword/projects/tincan
2026/06/06 14:58:33 WARN native_store_unavailable gate=bd_context_agreement reason="bd context is unreachable" scope=/home/jaword/projects/tincan
2026/06/06 14:58:33 WARN native_store_unavailable gate=bd_context_agreement reason="bd context is unreachable" scope=/home/jaword/projects/tincan
2026/06/06 14:58:33 WARN native_store_unavailable gate=bd_context_agreement reason="bd context is unreachable" scope=/home/jaword/projects/tincan
2026/06/06 14:58:33 WARN native_store_unavailable gate=bd_context_agreement reason="bd context is unreachable" scope=/home/jaword/projects/tincan
2026/06/06 14:58:33 WARN native_store_unavailable gate=bd_context_agreement reason="bd context is unreachable" scope=/home/jaword/projects/tincan
2026/06/06 14:58:33 WARN native_store_unavailable gate=bd_context_agreement reason="bd context is unreachable" scope=/home/jaword/projects/tincan
2026/06/06 15:12:27 WARN native_store_unavailable gate=bd_context_agreement reason="bd context is unreachable" scope=/home/jaword/projects/tincan
2026/06/06 15:12:27 WARN native_store_unavailable gate=bd_context_agreement reason="bd context is unreachable" scope=/home/jaword/projects/tincan
2026/06/06 15:12:27 WARN native_store_unavailable gate=bd_context_agreement reason="bd context is unreachable" scope=/home/jaword/projects/tincan
2026/06/06 15:12:28 WARN native_store_unavailable gate=bd_context_agreement reason="bd context is unreachable" scope=/home/jaword/projects/tincan
2026/06/06 15:12:28 WARN native_store_unavailable gate=bd_context_agreement reason="bd context is unreachable" scope=/home/jaword/projects/tincan
2026/06/06 15:12:28 WARN native_store_unavailable gate=bd_context_agreement reason="bd context is unreachable" scope=/home/jaword/projects/tincan
2026/06/06 15:12:28 WARN native_store_unavailable gate=bd_context_agreement reason="bd context is unreachable" scope=/home/jaword/projects/tincan
2026/06/06 15:12:28 WARN native_store_unavailable gate=bd_context_agreement reason="bd context is unreachable" scope=/home/jaword/projects/tincan
2026/06/06 15:12:28 WARN native_store_unavailable gate=bd_context_agreement reason="bd context is unreachable" scope=/home/jaword/projects/tincan
2026/06/06 15:14:49 WARN native_store_unavailable gate=bd_context_agreement reason="bd context is unreachable" scope=/home/jaword/projects/tincan
gc event emit: bead payload tincan-tp96x: loading bead: getting bead "tincan-tp96x": bead not found
2026/06/06 15:14:51 WARN native_store_unavailable gate=bd_context_agreement reason="bd context is unreachable" scope=/home/jaword/projects/tincan
gc event emit: bead payload tincan-95406: loading bead: getting bead "tincan-95406": bead not found
2026/06/06 15:14:52 WARN native_store_unavailable gate=bd_context_agreement reason="bd context is unreachable" scope=/home/jaword/projects/tincan
2026/06/06 15:14:52 WARN native_store_unavailable gate=bd_context_agreement reason="bd context is unreachable" scope=/home/jaword/projects/tincan
2026/06/06 15:14:52 WARN native_store_unavailable gate=bd_context_agreement reason="bd context is unreachable" scope=/home/jaword/projects/tincan
2026/06/06 15:30:02 WARN native_store_unavailable gate=bd_context_agreement reason="bd context is unreachable" scope=/home/jaword/projects/tincan
2026/06/06 15:30:02 WARN native_store_unavailable gate=bd_context_agreement reason="bd context is unreachable" scope=/home/jaword/projects/tincan
2026/06/06 15:30:02 WARN native_store_unavailable gate=bd_context_agreement reason="bd context is unreachable" scope=/home/jaword/projects/tincan
2026/06/06 15:31:03 WARN native_store_unavailable gate=bd_context_agreement reason="bd context is unreachable" scope=/home/jaword/projects/tincan
2026/06/06 15:31:03 WARN native_store_unavailable gate=bd_context_agreement reason="bd context is unreachable" scope=/home/jaword/projects/tincan
2026/06/06 15:31:03 WARN native_store_unavailable gate=bd_context_agreement reason="bd context is unreachable" scope=/home/jaword/projects/tincan
2026/06/06 15:31:04 WARN native_store_unavailable gate=bd_context_agreement reason="bd context is unreachable" scope=/home/jaword/projects/tincan
2026/06/06 15:31:04 WARN native_store_unavailable gate=bd_context_agreement reason="bd context is unreachable" scope=/home/jaword/projects/tincan
2026/06/06 15:31:04 WARN native_store_unavailable gate=bd_context_agreement reason="bd context is unreachable" scope=/home/jaword/projects/tincan
2026/06/06 15:32:27 WARN native_store_unavailable gate=bd_context_agreement reason="bd context is unreachable" scope=/home/jaword/projects/tincan
2026/06/06 15:32:27 WARN native_store_unavailable gate=bd_context_agreement reason="bd context is unreachable" scope=/home/jaword/projects/tincan
2026/06/06 15:32:27 WARN native_store_unavailable gate=bd_context_agreement reason="bd context is unreachable" scope=/home/jaword/projects/tincan
2026/06/06 15:34:20 WARN native_store_unavailable gate=bd_context_agreement reason="bd context is unreachable" scope=/home/jaword/projects/tincan
2026/06/06 15:34:20 WARN native_store_unavailable gate=bd_context_agreement reason="bd context is unreachable" scope=/home/jaword/projects/tincan
2026/06/06 15:34:20 WARN native_store_unavailable gate=bd_context_agreement reason="bd context is unreachable" scope=/home/jaword/projects/tincan
2026/06/06 15:34:20 WARN native_store_unavailable gate=bd_context_agreement reason="bd context is unreachable" scope=/home/jaword/projects/tincan
2026/06/06 15:34:20 WARN native_store_unavailable gate=bd_context_agreement reason="bd context is unreachable" scope=/home/jaword/projects/tincan
2026/06/06 15:34:20 WARN native_store_unavailable gate=bd_context_agreement reason="bd context is unreachable" scope=/home/jaword/projects/tincan
2026/06/06 15:34:20 WARN native_store_unavailable gate=bd_context_agreement reason="bd context is unreachable" scope=/home/jaword/projects/tincan
2026/06/06 15:34:20 WARN native_store_unavailable gate=bd_context_agreement reason="bd context is unreachable" scope=/home/jaword/projects/tincan
2026/06/06 15:34:20 WARN native_store_unavailable gate=bd_context_agreement reason="bd context is unreachable" scope=/home/jaword/projects/tincan
2026/06/06 15:34:20 WARN native_store_unavailable gate=bd_context_agreement reason="bd context is unreachable" scope=/home/jaword/projects/tincan
2026/06/06 15:34:21 WARN native_store_unavailable gate=bd_context_agreement reason="bd context is unreachable" scope=/home/jaword/projects/tincan
2026/06/06 15:34:21 WARN native_store_unavailable gate=bd_context_agreement reason="bd context is unreachable" scope=/home/jaword/projects/tincan
2026/06/06 15:34:21 WARN native_store_unavailable gate=bd_context_agreement reason="bd context is unreachable" scope=/home/jaword/projects/tincan
2026/06/06 15:34:21 WARN native_store_unavailable gate=bd_context_agreement reason="bd context is unreachable" scope=/home/jaword/projects/tincan
2026/06/06 15:34:21 WARN native_store_unavailable gate=bd_context_agreement reason="bd context is unreachable" scope=/home/jaword/projects/tincan
2026/06/06 15:34:21 WARN native_store_unavailable gate=bd_context_agreement reason="bd context is unreachable" scope=/home/jaword/projects/tincan
2026/06/06 15:34:21 WARN native_store_unavailable gate=bd_context_agreement reason="bd context is unreachable" scope=/home/jaword/projects/tincan
2026/06/06 15:34:21 WARN native_store_unavailable gate=bd_context_agreement reason="bd context is unreachable" scope=/home/jaword/projects/tincan
2026/06/06 15:34:21 WARN native_store_unavailable gate=bd_context_agreement reason="bd context is unreachable" scope=/home/jaword/projects/tincan
2026/06/06 15:34:21 WARN native_store_unavailable gate=bd_context_agreement reason="bd context is unreachable" scope=/home/jaword/projects/tincan
2026/06/06 15:34:21 WARN native_store_unavailable gate=bd_context_agreement reason="bd context is unreachable" scope=/home/jaword/projects/tincan
2026/06/06 15:34:21 WARN native_store_unavailable gate=bd_context_agreement reason="bd context is unreachable" scope=/home/jaword/projects/tincan
2026/06/06 15:34:21 WARN native_store_unavailable gate=bd_context_agreement reason="bd context is unreachable" scope=/home/jaword/projects/tincan
2026/06/06 15:34:21 WARN native_store_unavailable gate=bd_context_agreement reason="bd context is unreachable" scope=/home/jaword/projects/tincan
2026/06/06 15:34:21 WARN native_store_unavailable gate=bd_context_agreement reason="bd context is unreachable" scope=/home/jaword/projects/tincan
2026/06/06 15:34:21 WARN native_store_unavailable gate=bd_context_agreement reason="bd context is unreachable" scope=/home/jaword/projects/tincan
2026/06/06 15:34:21 WARN native_store_unavailable gate=bd_context_agreement reason="bd context is unreachable" scope=/home/jaword/projects/tincan
2026/06/06 15:34:21 WARN native_store_unavailable gate=bd_context_agreement reason="bd context is unreachable" scope=/home/jaword/projects/tincan
2026/06/06 15:34:21 WARN native_store_unavailable gate=bd_context_agreement reason="bd context is unreachable" scope=/home/jaword/projects/tincan
2026/06/06 15:34:21 WARN native_store_unavailable gate=bd_context_agreement reason="bd context is unreachable" scope=/home/jaword/projects/tincan
2026/06/06 15:34:21 WARN native_store_unavailable gate=bd_context_agreement reason="bd context is unreachable" scope=/home/jaword/projects/tincan
2026/06/06 15:34:21 WARN native_store_unavailable gate=bd_context_agreement reason="bd context is unreachable" scope=/home/jaword/projects/tincan
2026/06/06 15:34:21 WARN native_store_unavailable gate=bd_context_agreement reason="bd context is unreachable" scope=/home/jaword/projects/tincan
2026/06/06 15:34:21 WARN native_store_unavailable gate=bd_context_agreement reason="bd context is unreachable" scope=/home/jaword/projects/tincan
2026/06/06 15:34:21 WARN native_store_unavailable gate=bd_context_agreement reason="bd context is unreachable" scope=/home/jaword/projects/tincan
2026/06/06 15:34:21 WARN native_store_unavailable gate=bd_context_agreement reason="bd context is unreachable" scope=/home/jaword/projects/tincan
2026/06/06 15:34:21 WARN native_store_unavailable gate=bd_context_agreement reason="bd context is unreachable" scope=/home/jaword/projects/tincan
2026/06/06 15:34:22 WARN native_store_unavailable gate=bd_context_agreement reason="bd context is unreachable" scope=/home/jaword/projects/tincan
2026/06/06 15:34:22 WARN native_store_unavailable gate=bd_context_agreement reason="bd context is unreachable" scope=/home/jaword/projects/tincan
2026/06/06 15:34:22 WARN native_store_unavailable gate=bd_context_agreement reason="bd context is unreachable" scope=/home/jaword/projects/tincan
2026/06/06 15:34:22 WARN native_store_unavailable gate=bd_context_agreement reason="bd context is unreachable" scope=/home/jaword/projects/tincan
2026/06/06 15:34:22 WARN native_store_unavailable gate=bd_context_agreement reason="bd context is unreachable" scope=/home/jaword/projects/tincan
2026/06/06 15:34:22 WARN native_store_unavailable gate=bd_context_agreement reason="bd context is unreachable" scope=/home/jaword/projects/tincan
2026/06/06 15:34:22 WARN native_store_unavailable gate=bd_context_agreement reason="bd context is unreachable" scope=/home/jaword/projects/tincan
2026/06/06 15:34:22 WARN native_store_unavailable gate=bd_context_agreement reason="bd context is unreachable" scope=/home/jaword/projects/tincan
2026/06/06 15:34:22 WARN native_store_unavailable gate=bd_context_agreement reason="bd context is unreachable" scope=/home/jaword/projects/tincan
2026/06/06 15:34:22 WARN native_store_unavailable gate=bd_context_agreement reason="bd context is unreachable" scope=/home/jaword/projects/tincan
2026/06/06 15:34:22 WARN native_store_unavailable gate=bd_context_agreement reason="bd context is unreachable" scope=/home/jaword/projects/tincan
2026/06/06 15:34:22 WARN native_store_unavailable gate=bd_context_agreement reason="bd context is unreachable" scope=/home/jaword/projects/tincan
2026/06/06 15:34:22 WARN native_store_unavailable gate=bd_context_agreement reason="bd context is unreachable" scope=/home/jaword/projects/tincan
2026/06/06 15:34:22 WARN native_store_unavailable gate=bd_context_agreement reason="bd context is unreachable" scope=/home/jaword/projects/tincan
2026/06/06 15:34:22 WARN native_store_unavailable gate=bd_context_agreement reason="bd context is unreachable" scope=/home/jaword/projects/tincan
2026/06/06 15:34:22 WARN native_store_unavailable gate=bd_context_agreement reason="bd context is unreachable" scope=/home/jaword/projects/tincan
2026/06/06 15:34:22 WARN native_store_unavailable gate=bd_context_agreement reason="bd context is unreachable" scope=/home/jaword/projects/tincan
2026/06/06 15:34:22 WARN native_store_unavailable gate=bd_context_agreement reason="bd context is unreachable" scope=/home/jaword/projects/tincan
2026/06/06 15:34:22 WARN native_store_unavailable gate=bd_context_agreement reason="bd context is unreachable" scope=/home/jaword/projects/tincan
2026/06/06 15:34:22 WARN native_store_unavailable gate=bd_context_agreement reason="bd context is unreachable" scope=/home/jaword/projects/tincan
2026/06/06 15:34:22 WARN native_store_unavailable gate=bd_context_agreement reason="bd context is unreachable" scope=/home/jaword/projects/tincan
2026/06/06 15:34:22 WARN native_store_unavailable gate=bd_context_agreement reason="bd context is unreachable" scope=/home/jaword/projects/tincan
2026/06/06 15:34:22 WARN native_store_unavailable gate=bd_context_agreement reason="bd context is unreachable" scope=/home/jaword/projects/tincan
2026/06/06 15:34:22 WARN native_store_unavailable gate=bd_context_agreement reason="bd context is unreachable" scope=/home/jaword/projects/tincan
2026/06/06 15:34:22 WARN native_store_unavailable gate=bd_context_agreement reason="bd context is unreachable" scope=/home/jaword/projects/tincan
2026/06/06 15:34:23 WARN native_store_unavailable gate=bd_context_agreement reason="bd context is unreachable" scope=/home/jaword/projects/tincan
2026/06/06 15:34:23 WARN native_store_unavailable gate=bd_context_agreement reason="bd context is unreachable" scope=/home/jaword/projects/tincan
2026/06/06 15:34:23 WARN native_store_unavailable gate=bd_context_agreement reason="bd context is unreachable" scope=/home/jaword/projects/tincan
2026/06/06 15:34:23 WARN native_store_unavailable gate=bd_context_agreement reason="bd context is unreachable" scope=/home/jaword/projects/tincan
2026/06/06 15:34:23 WARN native_store_unavailable gate=bd_context_agreement reason="bd context is unreachable" scope=/home/jaword/projects/tincan
2026/06/06 15:34:23 WARN native_store_unavailable gate=bd_context_agreement reason="bd context is unreachable" scope=/home/jaword/projects/tincan
2026/06/06 15:34:23 WARN native_store_unavailable gate=bd_context_agreement reason="bd context is unreachable" scope=/home/jaword/projects/tincan
2026/06/06 15:34:23 WARN native_store_unavailable gate=bd_context_agreement reason="bd context is unreachable" scope=/home/jaword/projects/tincan
2026/06/06 15:34:23 WARN native_store_unavailable gate=bd_context_agreement reason="bd context is unreachable" scope=/home/jaword/projects/tincan
2026/06/06 15:34:23 WARN native_store_unavailable gate=bd_context_agreement reason="bd context is unreachable" scope=/home/jaword/projects/tincan
2026/06/06 15:44:30 WARN native_store_unavailable gate=bd_context_agreement reason="bd context is unreachable" scope=/home/jaword/projects/tincan
2026/06/06 15:44:31 WARN native_store_unavailable gate=bd_context_agreement reason="bd context is unreachable" scope=/home/jaword/projects/tincan
2026/06/06 15:44:31 WARN native_store_unavailable gate=bd_context_agreement reason="bd context is unreachable" scope=/home/jaword/projects/tincan
2026/06/06 15:44:36 WARN native_store_unavailable gate=bd_context_agreement reason="bd context is unreachable" scope=/home/jaword/projects/tincan
2026/06/06 15:44:36 WARN native_store_unavailable gate=bd_context_agreement reason="bd context is unreachable" scope=/home/jaword/projects/tincan
2026/06/06 15:44:36 WARN native_store_unavailable gate=bd_context_agreement reason="bd context is unreachable" scope=/home/jaword/projects/tincan
2026/06/06 15:44:53 WARN native_store_unavailable gate=bd_context_agreement reason="bd context is unreachable" scope=/home/jaword/projects/tincan
2026/06/06 15:44:53 WARN native_store_unavailable gate=bd_context_agreement reason="bd context is unreachable" scope=/home/jaword/projects/tincan
2026/06/06 15:44:53 WARN native_store_unavailable gate=bd_context_agreement reason="bd context is unreachable" scope=/home/jaword/projects/tincan
2026/06/06 15:45:07 WARN native_store_unavailable gate=bd_context_agreement reason="bd context is unreachable" scope=/home/jaword/projects/tincan
2026/06/06 15:45:07 WARN native_store_unavailable gate=bd_context_agreement reason="bd context is unreachable" scope=/home/jaword/projects/tincan
2026/06/06 15:45:07 WARN native_store_unavailable gate=bd_context_agreement reason="bd context is unreachable" scope=/home/jaword/projects/tincan
2026/06/06 15:45:07 WARN native_store_unavailable gate=bd_context_agreement reason="bd context is unreachable" scope=/home/jaword/projects/tincan
2026/06/06 15:45:07 WARN native_store_unavailable gate=bd_context_agreement reason="bd context is unreachable" scope=/home/jaword/projects/tincan
2026/06/06 15:45:07 WARN native_store_unavailable gate=bd_context_agreement reason="bd context is unreachable" scope=/home/jaword/projects/tincan
2026/06/06 15:45:08 WARN native_store_unavailable gate=bd_context_agreement reason="bd context is unreachable" scope=/home/jaword/projects/tincan
2026/06/06 15:45:08 WARN native_store_unavailable gate=bd_context_agreement reason="bd context is unreachable" scope=/home/jaword/projects/tincan
2026/06/06 15:45:08 WARN native_store_unavailable gate=bd_context_agreement reason="bd context is unreachable" scope=/home/jaword/projects/tincan
2026/06/06 15:56:13 WARN native_store_unavailable gate=bd_context_agreement reason="bd context is unreachable" scope=/home/jaword/projects/tincan
gc event emit: bead payload tincan-jh2v4: loading bead: getting bead "tincan-jh2v4": bead not found
2026/06/06 16:55:05 WARN native_store_unavailable gate=bd_context_agreement reason="bd context is unreachable" scope=/home/jaword/projects/tincan
2026/06/06 16:55:05 WARN native_store_unavailable gate=bd_context_agreement reason="bd context is unreachable" scope=/home/jaword/projects/tincan
2026/06/06 16:55:06 WARN native_store_unavailable gate=bd_context_agreement reason="bd context is unreachable" scope=/home/jaword/projects/tincan
2026/06/06 17:15:40 WARN native_store_unavailable gate=bd_context_agreement reason="bd context is unreachable" scope=/home/jaword/projects/tincan
2026/06/06 17:15:40 WARN native_store_unavailable gate=bd_context_agreement reason="bd context is unreachable" scope=/home/jaword/projects/tincan
2026/06/06 17:15:40 WARN native_store_unavailable gate=bd_context_agreement reason="bd context is unreachable" scope=/home/jaword/projects/tincan
2026/06/06 17:22:45 WARN native_store_unavailable gate=bd_context_agreement reason="bd context is unreachable" scope=/home/jaword/projects/tincan
2026/06/06 17:22:45 WARN native_store_unavailable gate=bd_context_agreement reason="bd context is unreachable" scope=/home/jaword/projects/tincan
2026/06/06 17:22:45 WARN native_store_unavailable gate=bd_context_agreement reason="bd context is unreachable" scope=/home/jaword/projects/tincan
2026/06/06 17:22:48 WARN native_store_unavailable gate=bd_context_agreement reason="bd context is unreachable" scope=/home/jaword/projects/tincan
2026/06/06 17:22:48 WARN native_store_unavailable gate=bd_context_agreement reason="bd context is unreachable" scope=/home/jaword/projects/tincan
2026/06/06 17:22:48 WARN native_store_unavailable gate=bd_context_agreement reason="bd context is unreachable" scope=/home/jaword/projects/tincan
2026/06/06 17:22:59 WARN native_store_unavailable gate=bd_context_agreement reason="bd context is unreachable" scope=/home/jaword/projects/tincan
2026/06/06 17:22:59 WARN native_store_unavailable gate=bd_context_agreement reason="bd context is unreachable" scope=/home/jaword/projects/tincan
2026/06/06 17:22:59 WARN native_store_unavailable gate=bd_context_agreement reason="bd context is unreachable" scope=/home/jaword/projects/tincan
2026/06/06 17:23:10 WARN native_store_unavailable gate=bd_context_agreement reason="bd context is unreachable" scope=/home/jaword/projects/tincan
2026/06/06 17:23:10 WARN native_store_unavailable gate=bd_context_agreement reason="bd context is unreachable" scope=/home/jaword/projects/tincan
2026/06/06 17:23:10 WARN native_store_unavailable gate=bd_context_agreement reason="bd context is unreachable" scope=/home/jaword/projects/tincan
2026/06/06 17:23:23 WARN native_store_unavailable gate=bd_context_agreement reason="bd context is unreachable" scope=/home/jaword/projects/tincan
2026/06/06 17:23:23 WARN native_store_unavailable gate=bd_context_agreement reason="bd context is unreachable" scope=/home/jaword/projects/tincan
2026/06/06 17:23:24 WARN native_store_unavailable gate=bd_context_agreement reason="bd context is unreachable" scope=/home/jaword/projects/tincan
2026/06/06 17:23:24 WARN native_store_unavailable gate=bd_context_agreement reason="bd context is unreachable" scope=/home/jaword/projects/tincan
2026/06/06 17:23:24 WARN native_store_unavailable gate=bd_context_agreement reason="bd context is unreachable" scope=/home/jaword/projects/tincan
2026/06/06 17:23:24 WARN native_store_unavailable gate=bd_context_agreement reason="bd context is unreachable" scope=/home/jaword/projects/tincan
2026/06/06 17:23:24 WARN native_store_unavailable gate=bd_context_agreement reason="bd context is unreachable" scope=/home/jaword/projects/tincan
2026/06/06 17:23:24 WARN native_store_unavailable gate=bd_context_agreement reason="bd context is unreachable" scope=/home/jaword/projects/tincan
2026/06/06 17:23:24 WARN native_store_unavailable gate=bd_context_agreement reason="bd context is unreachable" scope=/home/jaword/projects/tincan
2026/06/06 17:53:15 WARN native_store_unavailable gate=bd_context_agreement reason="bd context is unreachable" scope=/home/jaword/projects/tincan
2026/06/06 17:53:16 WARN native_store_unavailable gate=bd_context_agreement reason="bd context is unreachable" scope=/home/jaword/projects/tincan
2026/06/06 17:53:16 WARN native_store_unavailable gate=bd_context_agreement reason="bd context is unreachable" scope=/home/jaword/projects/tincan
2026/06/06 17:53:22 WARN native_store_unavailable gate=bd_context_agreement reason="bd context is unreachable" scope=/home/jaword/projects/tincan
2026/06/06 17:53:22 WARN native_store_unavailable gate=bd_context_agreement reason="bd context is unreachable" scope=/home/jaword/projects/tincan
2026/06/06 17:53:22 WARN native_store_unavailable gate=bd_context_agreement reason="bd context is unreachable" scope=/home/jaword/projects/tincan
2026/06/06 17:53:45 WARN native_store_unavailable gate=bd_context_agreement reason="bd context is unreachable" scope=/home/jaword/projects/tincan
2026/06/06 17:53:45 WARN native_store_unavailable gate=bd_context_agreement reason="bd context is unreachable" scope=/home/jaword/projects/tincan
2026/06/06 17:53:45 WARN native_store_unavailable gate=bd_context_agreement reason="bd context is unreachable" scope=/home/jaword/projects/tincan
2026/06/06 17:53:54 WARN native_store_unavailable gate=bd_context_agreement reason="bd context is unreachable" scope=/home/jaword/projects/tincan
2026/06/06 17:53:54 WARN native_store_unavailable gate=bd_context_agreement reason="bd context is unreachable" scope=/home/jaword/projects/tincan
2026/06/06 17:53:54 WARN native_store_unavailable gate=bd_context_agreement reason="bd context is unreachable" scope=/home/jaword/projects/tincan
2026/06/06 17:53:54 WARN native_store_unavailable gate=bd_context_agreement reason="bd context is unreachable" scope=/home/jaword/projects/tincan
2026/06/06 17:53:54 WARN native_store_unavailable gate=bd_context_agreement reason="bd context is unreachable" scope=/home/jaword/projects/tincan
2026/06/06 17:53:54 WARN native_store_unavailable gate=bd_context_agreement reason="bd context is unreachable" scope=/home/jaword/projects/tincan
2026/06/06 18:16:09 WARN native_store_unavailable gate=bd_context_agreement reason="bd context is unreachable" scope=/home/jaword/projects/tincan
2026/06/06 18:16:09 WARN native_store_unavailable gate=bd_context_agreement reason="bd context is unreachable" scope=/home/jaword/projects/tincan
2026/06/06 18:16:09 WARN native_store_unavailable gate=bd_context_agreement reason="bd context is unreachable" scope=/home/jaword/projects/tincan
2026/06/06 18:21:39 WARN native_store_unavailable gate=bd_context_agreement reason="bd context is unreachable" scope=/home/jaword/projects/tincan
2026/06/06 18:21:39 WARN native_store_unavailable gate=bd_context_agreement reason="bd context is unreachable" scope=/home/jaword/projects/tincan
2026/06/06 18:21:39 WARN native_store_unavailable gate=bd_context_agreement reason="bd context is unreachable" scope=/home/jaword/projects/tincan
2026/06/06 18:21:51 WARN native_store_unavailable gate=bd_context_agreement reason="bd context is unreachable" scope=/home/jaword/projects/tincan
2026/06/06 18:21:51 WARN native_store_unavailable gate=bd_context_agreement reason="bd context is unreachable" scope=/home/jaword/projects/tincan
2026/06/06 18:21:51 WARN native_store_unavailable gate=bd_context_agreement reason="bd context is unreachable" scope=/home/jaword/projects/tincan
2026/06/06 18:22:06 WARN native_store_unavailable gate=bd_context_agreement reason="bd context is unreachable" scope=/home/jaword/projects/tincan
2026/06/06 18:22:06 WARN native_store_unavailable gate=bd_context_agreement reason="bd context is unreachable" scope=/home/jaword/projects/tincan
2026/06/06 18:22:06 WARN native_store_unavailable gate=bd_context_agreement reason="bd context is unreachable" scope=/home/jaword/projects/tincan
2026/06/06 18:22:17 WARN native_store_unavailable gate=bd_context_agreement reason="bd context is unreachable" scope=/home/jaword/projects/tincan
2026/06/06 18:22:17 WARN native_store_unavailable gate=bd_context_agreement reason="bd context is unreachable" scope=/home/jaword/projects/tincan
2026/06/06 18:22:17 WARN native_store_unavailable gate=bd_context_agreement reason="bd context is unreachable" scope=/home/jaword/projects/tincan
2026/06/06 18:22:17 WARN native_store_unavailable gate=bd_context_agreement reason="bd context is unreachable" scope=/home/jaword/projects/tincan
2026/06/06 18:22:17 WARN native_store_unavailable gate=bd_context_agreement reason="bd context is unreachable" scope=/home/jaword/projects/tincan
2026/06/06 18:22:17 WARN native_store_unavailable gate=bd_context_agreement reason="bd context is unreachable" scope=/home/jaword/projects/tincan
2026/06/06 18:24:24 WARN native_store_unavailable gate=bd_context_agreement reason="bd context is unreachable" scope=/home/jaword/projects/tincan
2026/06/06 18:24:24 WARN native_store_unavailable gate=bd_context_agreement reason="bd context is unreachable" scope=/home/jaword/projects/tincan
2026/06/06 18:24:24 WARN native_store_unavailable gate=bd_context_agreement reason="bd context is unreachable" scope=/home/jaword/projects/tincan
2026/06/06 19:16:37 WARN native_store_unavailable gate=bd_context_agreement reason="bd context is unreachable" scope=/home/jaword/projects/tincan
2026/06/06 19:16:37 WARN native_store_unavailable gate=bd_context_agreement reason="bd context is unreachable" scope=/home/jaword/projects/tincan
2026/06/06 19:16:38 WARN native_store_unavailable gate=bd_context_agreement reason="bd context is unreachable" scope=/home/jaword/projects/tincan
2026/06/06 19:30:23 WARN native_store_unavailable gate=bd_context_agreement reason="bd context is unreachable" scope=/home/jaword/projects/tincan
2026/06/06 19:30:23 WARN native_store_unavailable gate=bd_context_agreement reason="bd context is unreachable" scope=/home/jaword/projects/tincan
2026/06/06 19:30:23 WARN native_store_unavailable gate=bd_context_agreement reason="bd context is unreachable" scope=/home/jaword/projects/tincan
2026/06/06 19:30:30 WARN native_store_unavailable gate=bd_context_agreement reason="bd context is unreachable" scope=/home/jaword/projects/tincan
2026/06/06 19:30:30 WARN native_store_unavailable gate=bd_context_agreement reason="bd context is unreachable" scope=/home/jaword/projects/tincan
2026/06/06 19:30:30 WARN native_store_unavailable gate=bd_context_agreement reason="bd context is unreachable" scope=/home/jaword/projects/tincan
2026/06/06 19:30:43 WARN native_store_unavailable gate=bd_context_agreement reason="bd context is unreachable" scope=/home/jaword/projects/tincan
2026/06/06 19:30:43 WARN native_store_unavailable gate=bd_context_agreement reason="bd context is unreachable" scope=/home/jaword/projects/tincan
2026/06/06 19:30:43 WARN native_store_unavailable gate=bd_context_agreement reason="bd context is unreachable" scope=/home/jaword/projects/tincan
2026/06/06 19:30:52 WARN native_store_unavailable gate=bd_context_agreement reason="bd context is unreachable" scope=/home/jaword/projects/tincan
2026/06/06 19:30:52 WARN native_store_unavailable gate=bd_context_agreement reason="bd context is unreachable" scope=/home/jaword/projects/tincan
2026/06/06 19:30:52 WARN native_store_unavailable gate=bd_context_agreement reason="bd context is unreachable" scope=/home/jaword/projects/tincan
2026/06/06 19:30:52 WARN native_store_unavailable gate=bd_context_agreement reason="bd context is unreachable" scope=/home/jaword/projects/tincan
2026/06/06 19:30:52 WARN native_store_unavailable gate=bd_context_agreement reason="bd context is unreachable" scope=/home/jaword/projects/tincan
2026/06/06 19:30:52 WARN native_store_unavailable gate=bd_context_agreement reason="bd context is unreachable" scope=/home/jaword/projects/tincan
2026/06/06 19:44:50 WARN native_store_unavailable gate=bd_context_agreement reason="bd context is unreachable" scope=/home/jaword/projects/tincan
2026/06/06 19:44:50 WARN native_store_unavailable gate=bd_context_agreement reason="bd context is unreachable" scope=/home/jaword/projects/tincan
2026/06/06 19:44:50 WARN native_store_unavailable gate=bd_context_agreement reason="bd context is unreachable" scope=/home/jaword/projects/tincan
2026/06/06 19:44:56 WARN native_store_unavailable gate=bd_context_agreement reason="bd context is unreachable" scope=/home/jaword/projects/tincan
2026/06/06 19:44:56 WARN native_store_unavailable gate=bd_context_agreement reason="bd context is unreachable" scope=/home/jaword/projects/tincan
2026/06/06 19:44:56 WARN native_store_unavailable gate=bd_context_agreement reason="bd context is unreachable" scope=/home/jaword/projects/tincan
2026/06/06 19:45:04 WARN native_store_unavailable gate=bd_context_agreement reason="bd context is unreachable" scope=/home/jaword/projects/tincan
2026/06/06 19:45:04 WARN native_store_unavailable gate=bd_context_agreement reason="bd context is unreachable" scope=/home/jaword/projects/tincan
2026/06/06 19:45:04 WARN native_store_unavailable gate=bd_context_agreement reason="bd context is unreachable" scope=/home/jaword/projects/tincan
2026/06/06 19:45:12 WARN native_store_unavailable gate=bd_context_agreement reason="bd context is unreachable" scope=/home/jaword/projects/tincan
2026/06/06 19:45:12 WARN native_store_unavailable gate=bd_context_agreement reason="bd context is unreachable" scope=/home/jaword/projects/tincan
2026/06/06 19:45:12 WARN native_store_unavailable gate=bd_context_agreement reason="bd context is unreachable" scope=/home/jaword/projects/tincan
2026/06/06 19:45:12 WARN native_store_unavailable gate=bd_context_agreement reason="bd context is unreachable" scope=/home/jaword/projects/tincan
2026/06/06 19:45:12 WARN native_store_unavailable gate=bd_context_agreement reason="bd context is unreachable" scope=/home/jaword/projects/tincan
2026/06/06 19:45:12 WARN native_store_unavailable gate=bd_context_agreement reason="bd context is unreachable" scope=/home/jaword/projects/tincan
2026/06/06 20:17:07 WARN native_store_unavailable gate=bd_context_agreement reason="bd context is unreachable" scope=/home/jaword/projects/tincan
2026/06/06 20:17:07 WARN native_store_unavailable gate=bd_context_agreement reason="bd context is unreachable" scope=/home/jaword/projects/tincan
2026/06/06 20:17:07 WARN native_store_unavailable gate=bd_context_agreement reason="bd context is unreachable" scope=/home/jaword/projects/tincan
2026/06/06 20:26:52 WARN native_store_unavailable gate=bd_context_agreement reason="bd context is unreachable" scope=/home/jaword/projects/tincan
2026/06/06 20:26:52 WARN native_store_unavailable gate=bd_context_agreement reason="bd context is unreachable" scope=/home/jaword/projects/tincan
2026/06/06 20:26:52 WARN native_store_unavailable gate=bd_context_agreement reason="bd context is unreachable" scope=/home/jaword/projects/tincan
2026/06/06 20:26:59 WARN native_store_unavailable gate=bd_context_agreement reason="bd context is unreachable" scope=/home/jaword/projects/tincan
2026/06/06 20:26:59 WARN native_store_unavailable gate=bd_context_agreement reason="bd context is unreachable" scope=/home/jaword/projects/tincan
2026/06/06 20:26:59 WARN native_store_unavailable gate=bd_context_agreement reason="bd context is unreachable" scope=/home/jaword/projects/tincan
2026/06/06 20:27:18 WARN native_store_unavailable gate=bd_context_agreement reason="bd context is unreachable" scope=/home/jaword/projects/tincan
2026/06/06 20:27:18 WARN native_store_unavailable gate=bd_context_agreement reason="bd context is unreachable" scope=/home/jaword/projects/tincan
2026/06/06 20:27:18 WARN native_store_unavailable gate=bd_context_agreement reason="bd context is unreachable" scope=/home/jaword/projects/tincan
2026/06/06 20:27:33 WARN native_store_unavailable gate=bd_context_agreement reason="bd context is unreachable" scope=/home/jaword/projects/tincan
2026/06/06 20:27:33 WARN native_store_unavailable gate=bd_context_agreement reason="bd context is unreachable" scope=/home/jaword/projects/tincan
2026/06/06 20:27:33 WARN native_store_unavailable gate=bd_context_agreement reason="bd context is unreachable" scope=/home/jaword/projects/tincan
2026/06/06 20:27:33 WARN native_store_unavailable gate=bd_context_agreement reason="bd context is unreachable" scope=/home/jaword/projects/tincan
2026/06/06 20:27:33 WARN native_store_unavailable gate=bd_context_agreement reason="bd context is unreachable" scope=/home/jaword/projects/tincan
2026/06/06 20:27:33 WARN native_store_unavailable gate=bd_context_agreement reason="bd context is unreachable" scope=/home/jaword/projects/tincan
2026/06/06 21:09:05 WARN native_store_unavailable gate=bd_context_agreement reason="bd context is unreachable" scope=/home/jaword/projects/tincan
2026/06/06 21:09:05 WARN native_store_unavailable gate=bd_context_agreement reason="bd context is unreachable" scope=/home/jaword/projects/tincan
2026/06/06 21:09:05 WARN native_store_unavailable gate=bd_context_agreement reason="bd context is unreachable" scope=/home/jaword/projects/tincan
2026/06/06 21:09:12 WARN native_store_unavailable gate=bd_context_agreement reason="bd context is unreachable" scope=/home/jaword/projects/tincan
2026/06/06 21:09:12 WARN native_store_unavailable gate=bd_context_agreement reason="bd context is unreachable" scope=/home/jaword/projects/tincan
2026/06/06 21:09:12 WARN native_store_unavailable gate=bd_context_agreement reason="bd context is unreachable" scope=/home/jaword/projects/tincan
2026/06/06 21:09:29 WARN native_store_unavailable gate=bd_context_agreement reason="bd context is unreachable" scope=/home/jaword/projects/tincan
2026/06/06 21:09:29 WARN native_store_unavailable gate=bd_context_agreement reason="bd context is unreachable" scope=/home/jaword/projects/tincan
2026/06/06 21:09:29 WARN native_store_unavailable gate=bd_context_agreement reason="bd context is unreachable" scope=/home/jaword/projects/tincan
2026/06/06 21:09:37 WARN native_store_unavailable gate=bd_context_agreement reason="bd context is unreachable" scope=/home/jaword/projects/tincan
2026/06/06 21:09:38 WARN native_store_unavailable gate=bd_context_agreement reason="bd context is unreachable" scope=/home/jaword/projects/tincan
2026/06/06 21:09:38 WARN native_store_unavailable gate=bd_context_agreement reason="bd context is unreachable" scope=/home/jaword/projects/tincan
2026/06/06 21:09:38 WARN native_store_unavailable gate=bd_context_agreement reason="bd context is unreachable" scope=/home/jaword/projects/tincan
2026/06/06 21:09:38 WARN native_store_unavailable gate=bd_context_agreement reason="bd context is unreachable" scope=/home/jaword/projects/tincan
2026/06/06 21:09:38 WARN native_store_unavailable gate=bd_context_agreement reason="bd context is unreachable" scope=/home/jaword/projects/tincan
2026/06/06 21:10:45 WARN native_store_unavailable gate=bd_context_agreement reason="bd context is unreachable" scope=/home/jaword/projects/tincan
2026/06/06 21:10:45 WARN native_store_unavailable gate=bd_context_agreement reason="bd context is unreachable" scope=/home/jaword/projects/tincan
2026/06/06 21:10:45 WARN native_store_unavailable gate=bd_context_agreement reason="bd context is unreachable" scope=/home/jaword/projects/tincan
2026/06/06 21:10:52 WARN native_store_unavailable gate=bd_context_agreement reason="bd context is unreachable" scope=/home/jaword/projects/tincan
2026/06/06 21:10:52 WARN native_store_unavailable gate=bd_context_agreement reason="bd context is unreachable" scope=/home/jaword/projects/tincan
2026/06/06 21:10:52 WARN native_store_unavailable gate=bd_context_agreement reason="bd context is unreachable" scope=/home/jaword/projects/tincan
2026/06/06 21:10:57 WARN native_store_unavailable gate=bd_context_agreement reason="bd context is unreachable" scope=/home/jaword/projects/tincan
2026/06/06 21:10:57 WARN native_store_unavailable gate=bd_context_agreement reason="bd context is unreachable" scope=/home/jaword/projects/tincan
2026/06/06 21:10:57 WARN native_store_unavailable gate=bd_context_agreement reason="bd context is unreachable" scope=/home/jaword/projects/tincan
2026/06/06 21:11:08 WARN native_store_unavailable gate=bd_context_agreement reason="bd context is unreachable" scope=/home/jaword/projects/tincan
2026/06/06 21:11:08 WARN native_store_unavailable gate=bd_context_agreement reason="bd context is unreachable" scope=/home/jaword/projects/tincan
2026/06/06 21:11:08 WARN native_store_unavailable gate=bd_context_agreement reason="bd context is unreachable" scope=/home/jaword/projects/tincan
2026/06/06 21:11:08 WARN native_store_unavailable gate=bd_context_agreement reason="bd context is unreachable" scope=/home/jaword/projects/tincan
2026/06/06 21:11:08 WARN native_store_unavailable gate=bd_context_agreement reason="bd context is unreachable" scope=/home/jaword/projects/tincan
2026/06/06 21:11:08 WARN native_store_unavailable gate=bd_context_agreement reason="bd context is unreachable" scope=/home/jaword/projects/tincan
2026/06/06 21:17:37 WARN native_store_unavailable gate=bd_context_agreement reason="bd context is unreachable" scope=/home/jaword/projects/tincan
2026/06/06 21:17:37 WARN native_store_unavailable gate=bd_context_agreement reason="bd context is unreachable" scope=/home/jaword/projects/tincan
2026/06/06 21:17:37 WARN native_store_unavailable gate=bd_context_agreement reason="bd context is unreachable" scope=/home/jaword/projects/tincan
2026/06/06 21:23:49 WARN native_store_unavailable gate=bd_context_agreement reason="bd context is unreachable" scope=/home/jaword/projects/tincan
2026/06/06 21:23:49 WARN native_store_unavailable gate=bd_context_agreement reason="bd context is unreachable" scope=/home/jaword/projects/tincan
2026/06/06 21:23:49 WARN native_store_unavailable gate=bd_context_agreement reason="bd context is unreachable" scope=/home/jaword/projects/tincan
2026/06/06 21:23:50 WARN native_store_unavailable gate=bd_context_agreement reason="bd context is unreachable" scope=/home/jaword/projects/tincan
2026/06/06 21:23:50 WARN native_store_unavailable gate=bd_context_agreement reason="bd context is unreachable" scope=/home/jaword/projects/tincan
2026/06/06 21:23:50 WARN native_store_unavailable gate=bd_context_agreement reason="bd context is unreachable" scope=/home/jaword/projects/tincan
2026/06/06 21:23:58 WARN native_store_unavailable gate=bd_context_agreement reason="bd context is unreachable" scope=/home/jaword/projects/tincan
2026/06/06 21:23:58 WARN native_store_unavailable gate=bd_context_agreement reason="bd context is unreachable" scope=/home/jaword/projects/tincan
2026/06/06 21:23:58 WARN native_store_unavailable gate=bd_context_agreement reason="bd context is unreachable" scope=/home/jaword/projects/tincan
2026/06/06 21:24:07 WARN native_store_unavailable gate=bd_context_agreement reason="bd context is unreachable" scope=/home/jaword/projects/tincan
2026/06/06 21:24:07 WARN native_store_unavailable gate=bd_context_agreement reason="bd context is unreachable" scope=/home/jaword/projects/tincan
2026/06/06 21:24:07 WARN native_store_unavailable gate=bd_context_agreement reason="bd context is unreachable" scope=/home/jaword/projects/tincan
2026/06/06 21:24:07 WARN native_store_unavailable gate=bd_context_agreement reason="bd context is unreachable" scope=/home/jaword/projects/tincan
2026/06/06 21:24:07 WARN native_store_unavailable gate=bd_context_agreement reason="bd context is unreachable" scope=/home/jaword/projects/tincan
2026/06/06 21:24:07 WARN native_store_unavailable gate=bd_context_agreement reason="bd context is unreachable" scope=/home/jaword/projects/tincan
2026/06/06 22:18:07 WARN native_store_unavailable gate=bd_context_agreement reason="bd context is unreachable" scope=/home/jaword/projects/tincan
2026/06/06 22:18:07 WARN native_store_unavailable gate=bd_context_agreement reason="bd context is unreachable" scope=/home/jaword/projects/tincan
2026/06/06 22:18:07 WARN native_store_unavailable gate=bd_context_agreement reason="bd context is unreachable" scope=/home/jaword/projects/tincan
2026/06/06 23:18:37 WARN native_store_unavailable gate=bd_context_agreement reason="bd context is unreachable" scope=/home/jaword/projects/tincan
2026/06/06 23:18:37 WARN native_store_unavailable gate=bd_context_agreement reason="bd context is unreachable" scope=/home/jaword/projects/tincan
2026/06/06 23:18:37 WARN native_store_unavailable gate=bd_context_agreement reason="bd context is unreachable" scope=/home/jaword/projects/tincan
2026/06/07 00:19:07 WARN native_store_unavailable gate=bd_context_agreement reason="bd context is unreachable" scope=/home/jaword/projects/tincan
2026/06/07 00:19:07 WARN native_store_unavailable gate=bd_context_agreement reason="bd context is unreachable" scope=/home/jaword/projects/tincan
2026/06/07 00:19:07 WARN native_store_unavailable gate=bd_context_agreement reason="bd context is unreachable" scope=/home/jaword/projects/tincan
2026/06/07 01:19:36 WARN native_store_unavailable gate=bd_hooks reason="bd hooks are installed; remove .beads/hooks/on_create,on_update,on_close after confirming controller cache events cover this deployment" scope=/home/jaword/projects/tincan
2026/06/07 01:19:36 WARN native_store_unavailable gate=bd_hooks reason="bd hooks are installed; remove .beads/hooks/on_create,on_update,on_close after confirming controller cache events cover this deployment" scope=/home/jaword/projects/tincan
gc event emit: bead payload tincan-wisp-wzp: loading bead: getting bead "tincan-wisp-wzp": bead not found
gc event emit: bead payload tincan-wisp-wzp: loading bead: getting bead "tincan-wisp-wzp": bead not found
2026/06/07 01:19:38 WARN native_store_unavailable gate=bd_context_agreement reason="bd context is unreachable" scope=/home/jaword/projects/tincan
2026/06/07 01:19:38 WARN native_store_unavailable gate=bd_context_agreement reason="bd context is unreachable" scope=/home/jaword/projects/tincan
2026/06/07 01:19:38 WARN native_store_unavailable gate=bd_context_agreement reason="bd context is unreachable" scope=/home/jaword/projects/tincan
2026/06/07 02:19:50 WARN native_store_unavailable gate=bd_context_agreement reason="bd context is unreachable" scope=/home/jaword/projects/tincan
2026/06/07 02:19:50 WARN native_store_unavailable gate=bd_context_agreement reason="bd context is unreachable" scope=/home/jaword/projects/tincan
2026/06/07 02:19:50 WARN native_store_unavailable gate=bd_context_agreement reason="bd context is unreachable" scope=/home/jaword/projects/tincan
2026/06/07 03:20:08 WARN native_store_unavailable gate=bd_context_agreement reason="bd context is unreachable" scope=/home/jaword/projects/tincan
2026/06/07 03:20:08 WARN native_store_unavailable gate=bd_context_agreement reason="bd context is unreachable" scope=/home/jaword/projects/tincan
2026/06/07 03:20:08 WARN native_store_unavailable gate=bd_context_agreement reason="bd context is unreachable" scope=/home/jaword/projects/tincan
2026/06/07 04:20:37 WARN native_store_unavailable gate=bd_context_agreement reason="bd context is unreachable" scope=/home/jaword/projects/tincan
2026/06/07 04:20:37 WARN native_store_unavailable gate=bd_context_agreement reason="bd context is unreachable" scope=/home/jaword/projects/tincan
2026/06/07 04:20:37 WARN native_store_unavailable gate=bd_context_agreement reason="bd context is unreachable" scope=/home/jaword/projects/tincan
2026/06/07 05:21:07 WARN native_store_unavailable gate=bd_context_agreement reason="bd context is unreachable" scope=/home/jaword/projects/tincan
2026/06/07 05:21:07 WARN native_store_unavailable gate=bd_context_agreement reason="bd context is unreachable" scope=/home/jaword/projects/tincan
2026/06/07 05:21:07 WARN native_store_unavailable gate=bd_context_agreement reason="bd context is unreachable" scope=/home/jaword/projects/tincan
2026/06/07 06:21:39 WARN native_store_unavailable gate=bd_context_agreement reason="bd context is unreachable" scope=/home/jaword/projects/tincan
2026/06/07 06:21:39 WARN native_store_unavailable gate=bd_context_agreement reason="bd context is unreachable" scope=/home/jaword/projects/tincan
2026/06/07 06:21:39 WARN native_store_unavailable gate=bd_context_agreement reason="bd context is unreachable" scope=/home/jaword/projects/tincan
2026/06/07 07:22:09 WARN native_store_unavailable gate=bd_context_agreement reason="bd context is unreachable" scope=/home/jaword/projects/tincan
2026/06/07 07:22:09 WARN native_store_unavailable gate=bd_context_agreement reason="bd context is unreachable" scope=/home/jaword/projects/tincan
2026/06/07 07:22:09 WARN native_store_unavailable gate=bd_context_agreement reason="bd context is unreachable" scope=/home/jaword/projects/tincan
2026/06/07 08:22:18 WARN native_store_unavailable gate=bd_context_agreement reason="bd context is unreachable" scope=/home/jaword/projects/tincan
2026/06/07 08:22:18 WARN native_store_unavailable gate=bd_context_agreement reason="bd context is unreachable" scope=/home/jaword/projects/tincan
2026/06/07 08:22:18 WARN native_store_unavailable gate=bd_context_agreement reason="bd context is unreachable" scope=/home/jaword/projects/tincan
2026/06/07 09:39:01 WARN native_store_unavailable gate=bd_context_agreement reason="bd context is unreachable" scope=/home/jaword/projects/tincan
2026/06/07 09:39:01 WARN native_store_unavailable gate=bd_context_agreement reason="bd context is unreachable" scope=/home/jaword/projects/tincan
2026/06/07 09:39:01 WARN native_store_unavailable gate=bd_context_agreement reason="bd context is unreachable" scope=/home/jaword/projects/tincan
2026/06/07 09:40:27 WARN native_store_unavailable gate=bd_context_agreement reason="bd context is unreachable" scope=/home/jaword/projects/tincan
2026/06/07 09:40:27 WARN native_store_unavailable gate=bd_context_agreement reason="bd context is unreachable" scope=/home/jaword/projects/tincan
2026/06/07 09:40:27 WARN native_store_unavailable gate=bd_context_agreement reason="bd context is unreachable" scope=/home/jaword/projects/tincan
2026/06/07 09:43:50 WARN native_store_unavailable gate=bd_context_agreement reason="bd context is unreachable" scope=/home/jaword/projects/tincan
2026/06/07 09:43:50 WARN native_store_unavailable gate=bd_context_agreement reason="bd context is unreachable" scope=/home/jaword/projects/tincan
2026/06/07 09:43:50 WARN native_store_unavailable gate=bd_context_agreement reason="bd context is unreachable" scope=/home/jaword/projects/tincan
2026/06/07 09:48:45 WARN native_store_unavailable gate=bd_context_agreement reason="bd context is unreachable" scope=/home/jaword/projects/tincan
2026/06/07 09:48:45 WARN native_store_unavailable gate=bd_context_agreement reason="bd context is unreachable" scope=/home/jaword/projects/tincan
2026/06/07 09:48:45 WARN native_store_unavailable gate=bd_context_agreement reason="bd context is unreachable" scope=/home/jaword/projects/tincan
2026/06/07 09:53:45 WARN native_store_unavailable gate=bd_context_agreement reason="bd context is unreachable" scope=/home/jaword/projects/tincan
2026/06/07 09:53:45 WARN native_store_unavailable gate=bd_context_agreement reason="bd context is unreachable" scope=/home/jaword/projects/tincan
2026/06/07 09:53:45 WARN native_store_unavailable gate=bd_context_agreement reason="bd context is unreachable" scope=/home/jaword/projects/tincan
2026/06/07 09:59:37 WARN native_store_unavailable gate=bd_context_agreement reason="bd context is unreachable" scope=/home/jaword/projects/tincan
2026/06/07 09:59:37 WARN native_store_unavailable gate=bd_context_agreement reason="bd context is unreachable" scope=/home/jaword/projects/tincan
2026/06/07 09:59:37 WARN native_store_unavailable gate=bd_context_agreement reason="bd context is unreachable" scope=/home/jaword/projects/tincan
2026/06/07 09:59:39 WARN native_store_unavailable gate=bd_context_agreement reason="bd context is unreachable" scope=/home/jaword/projects/tincan
2026/06/07 09:59:42 WARN native_store_unavailable gate=bd_context_agreement reason="bd context is unreachable" scope=/home/jaword/projects/tincan
2026/06/07 09:59:42 WARN native_store_unavailable gate=bd_context_agreement reason="bd context is unreachable" scope=/home/jaword/projects/tincan
2026/06/07 09:59:43 WARN native_store_unavailable gate=bd_context_agreement reason="bd context is unreachable" scope=/home/jaword/projects/tincan
2026/06/07 09:59:46 WARN native_store_unavailable gate=bd_context_agreement reason="bd context is unreachable" scope=/home/jaword/projects/tincan
2026/06/07 09:59:46 WARN native_store_unavailable gate=bd_context_agreement reason="bd context is unreachable" scope=/home/jaword/projects/tincan
2026/06/07 09:59:46 WARN native_store_unavailable gate=bd_context_agreement reason="bd context is unreachable" scope=/home/jaword/projects/tincan
2026/06/07 09:59:46 WARN native_store_unavailable gate=bd_context_agreement reason="bd context is unreachable" scope=/home/jaword/projects/tincan
2026/06/07 09:59:48 WARN native_store_unavailable gate=bd_context_agreement reason="bd context is unreachable" scope=/home/jaword/projects/tincan
2026/06/07 10:03:46 WARN native_store_unavailable gate=bd_context_agreement reason="bd context is unreachable" scope=/home/jaword/projects/tincan
2026/06/07 10:03:46 WARN native_store_unavailable gate=bd_context_agreement reason="bd context is unreachable" scope=/home/jaword/projects/tincan
2026/06/07 10:03:46 WARN native_store_unavailable gate=bd_context_agreement reason="bd context is unreachable" scope=/home/jaword/projects/tincan
2026/06/07 10:06:03 WARN native_store_unavailable gate=bd_context_agreement reason="bd context is unreachable" scope=/home/jaword/projects/tincan
2026/06/07 10:06:03 WARN native_store_unavailable gate=bd_context_agreement reason="bd context is unreachable" scope=/home/jaword/projects/tincan
2026/06/07 10:06:03 WARN native_store_unavailable gate=bd_context_agreement reason="bd context is unreachable" scope=/home/jaword/projects/tincan
2026/06/07 10:06:09 WARN native_store_unavailable gate=bd_context_agreement reason="bd context is unreachable" scope=/home/jaword/projects/tincan
